nr_registro,id_ingrediente,marca_comercial,titular_registro,classe_uso,classe_toxicologica_br,classe_ambiental_br
35523,1," KBR-829M1-02","Koppert do Brasil Holding S.A. - Piracicaba/SP ","Agente Biológico de Controle","Não Classificado - Produto Não Classificado","Produto Pouco Perigoso ao Meio Ambiente"
33723,2," KBR-S39M1-02","Koppert do Brasil Holding S.A. - Piracicaba/SP ","Agente Biológico de Controle","Não Classificado - Produto Não Classificado","Produto Pouco Perigoso ao Meio Ambiente"
17622,3,"1,4 Sight","Bem Brasil Alimentos S/A.  Perdizes/MG","Regulador de Crescimento","Categoria 4  Produto Pouco Tóxico","Produto Pouco Perigoso ao Meio Ambiente"
31918,4,"2,4-D (240) + Picloram (64) SL","CCAB Agro S.A.   São Paulo",Herbicida,"Categoria 5  Produto Improvável de Causar Dano Agudo","Produto Perigoso ao Meio Ambiente"
13525,5,"2,4-D + Picloram CAC","CAC Quimica do Brasil Ltda",Herbicida,"Categoria 5  Produto Improvável de Causar Dano Agudo","Produto Perigoso ao Meio Ambiente"
37825,4,"2,4-D 240 + Picloram 64 Sino-Agri ","Inovatis Agronegocios Importação e Exportação Ltda.",Herbicida,"Categoria 4  Produto Pouco Tóxico","Produto Perigoso ao Meio Ambiente"
1215,6,"2,4-D 806 RN","Rainbow Defensivos Agrícolas Ltda.- Porto Alegre /RS ",Herbicida,"Categoria 4  Produto Pouco Tóxico","Produto Perigoso ao Meio Ambiente"
6715,6,"2,4-D 806 SL Alamos; 2,4-D 806 SL Crotect;","Crotect Crop Science Ltda - São Paulo/SP",Herbicida,"Categoria 4  Produto Pouco Tóxico","Produto Perigoso ao Meio Ambiente"
2025,6,"2,4-D 806 SL Perterra ","Perterra Insumos Agropecuários S.A.  São Paulo/SP",Herbicida,"Categoria 5  Produto Improvável de Causar Dano Agudo","Produto Perigoso ao Meio Ambiente"
20524,4,"2,4-D 806 SL TSC","Suno Agrotech Ltda.",Herbicida,"Categoria 4  Produto Pouco Tóxico","Produto Perigoso ao Meio Ambiente"
11824,4,"2,4-D 806 SL ZHC","AllierBrasil Agro Ltda.",Herbicida,"Categoria 4  Produto Pouco Tóxico","Produto Perigoso ao Meio Ambiente"
56425,4,"2,4-D A Nortox","Nortox S.A. - Arapongas",Herbicida,"Categoria 4  Produto Pouco Tóxico","Produto Perigoso ao Meio Ambiente"
7508,4,"2,4-D AGCN","Agriconnection Importadora e Exportadora de Insumos Agrícolas - Barueri/SP",Herbicida,"Categoria 4  Produto Pouco Tóxico","Produto Perigoso ao Meio Ambiente"
44924,4,"2,4-D Acid 866 SL","Sharda do Brasil Comércio de Produtos Químicos e Agroquímicos LTDA",Herbicida,"Extremamente Tóxico","Produto Perigoso ao Meio Ambiente"
41418,6,"2,4-D Agroimport","Agro Import do Brasil Ltda. - Porto Alegre/RS",Herbicida,"Categoria 4  Produto Pouco Tóxico","Produto Perigoso ao Meio Ambiente"
6615,4,"2,4-D Amina CCAB 806 SL","CCAB Agro S.A.   São Paulo",Herbicida,"Categoria 4  Produto Pouco Tóxico","Produto Perigoso ao Meio Ambiente"
13425,4,"2,4-D C 806 SL Perterra","Perterra Insumos Agropecuários S.A.  São Paulo/SP",Herbicida,"Categoria 4  Produto Pouco Tóxico","Produto Perigoso ao Meio Ambiente"
11708,4,"2,4-D CHD'S","CHDS do Brasil Comércio de Insumos Agrícolas Ltda - São Miguel do Iguaçu/PR   ",Herbicida,"Categoria 4  Produto Pouco Tóxico","Produto Perigoso ao Meio Ambiente"
21316,4,"2,4-D CROP 806 SL ","Solus do Brasil Ltda. - Apucarana/PR- Parque Industrial ",Herbicida,"Categoria 4  Produto Pouco Tóxico","Produto Perigoso ao Meio Ambiente"
1228803,6,"2,4-D Copalliance","Copalliance S.A. - Campinas",Herbicida,"Categoria 4  Produto Pouco Tóxico","Produto Perigoso ao Meio Ambiente"
23824,4,"2,4-D DMA 806 SL CAC","CAC Quimica do Brasil Ltda",Herbicida,"Categoria 4  Produto Pouco Tóxico","Produto Perigoso ao Meio Ambiente"
3009,4,"2,4-D Nortox","Nortox S.A. - Arapongas",Herbicida,"Categoria 4  Produto Pouco Tóxico","Produto Perigoso ao Meio Ambiente"
2920,4,"2,4-D Nortox 970 WG","Nortox S.A. - Arapongas",Herbicida,"Categoria 4  Produto Pouco Tóxico","Produto Perigoso ao Meio Ambiente"
215,7,"2,4-D R 806 SL Perterra","Rainbow Defensivos Agrícolas Ltda.- Porto Alegre /RS ",Herbicida,"Categoria 4  Produto Pouco Tóxico","Produto Perigoso ao Meio Ambiente"
42318,4,"2,4-D Super Amine SG","Rainbow Defensivos Agrícolas Ltda.- Porto Alegre /RS ",Herbicida,"Categoria 4  Produto Pouco Tóxico","Produto Perigoso ao Meio Ambiente"
6515,6,"2,4-D Tecnomyl","Tecnomyl Brasil Distribuidora de Produtos Agrícolas Ltda - Foz do Iguaçu",Herbicida,"Categoria 4  Produto Pouco Tóxico","Produto Perigoso ao Meio Ambiente"
29826,4,"2,4-D ZS","Zhongshan Química do Brasil - Sorocaba/SP",Herbicida,"Categoria 4  Produto Pouco Tóxico","Produto Muito Perigoso ao Meio Ambiente"
3626,8,"2,4-D+Picloram 304 SL Yonon","Yonon Brasil Defensivos Agricolas Ltda",Herbicida,"Categoria 4  Produto Pouco Tóxico","Produto Muito Perigoso ao Meio Ambiente"
29225,9,"80 Fluroxipyr Meptilico 80 Picloram CCAB ME","CCAB Agro S.A.   São Paulo",Herbicida,"Categoria 5  Produto Improvável de Causar Dano Agudo","Produto Muito Perigoso ao Meio Ambiente"
12023,10,"ADA FH 0060/16","Adama Brasil S.A.- Londrina/PR",Herbicida,"Categoria 3  Produto Moderadamente Tóxico","Produto Muito Perigoso ao Meio Ambiente"
16524,11,"ADA FH 0108/17","Adama Brasil S.A.- Londrina/PR",Herbicida,"Categoria 5  Produto Improvável de Causar Dano Agudo","Produto Muito Perigoso ao Meio Ambiente"
9024,12,"ADA FI 0021/15","Adama Brasil S.A.- Londrina/PR",Inseticida,"Categoria 4  Produto Pouco Tóxico","Produto Muito Perigoso ao Meio Ambiente"
8921,13,"ADOBE 450 FS","UPL do Brasil Indústria e Comércio de Insumos Agropecuários S.A. - Matriz Ituverava/SP ",Fungicida,"Categoria 5  Produto Improvável de Causar Dano Agudo","Produto Muito Perigoso ao Meio Ambiente"
44925,14,"AG Trimmon Pro","Binova Agro Industrial Ltda","Fungicida microbiológico","Categoria 5  Produto Improvável de Causar Dano Agudo","Produto Pouco Perigoso ao Meio Ambiente"
22426,15,AGBOVE,"Agbiomics Comercio de Insumos Agricolas Ltda - Piracicaba/SP","Acaricida Microbiológico/Inseticida Microbiológico","Categoria 5  Produto Improvável de Causar Dano Agudo","Produto Pouco Perigoso ao Meio Ambiente"
22226,16,"ANT-03 EC/BioTitan EC","Lallemand Solucoes Biologicas Ltda - Piracicaba/SP","Inseticida Microbiológico","Categoria 5  Produto Improvável de Causar Dano Agudo","Produto Pouco Perigoso ao Meio Ambiente"
22326,16,"ANT-03 WP/Biotitan WP","Lallemand Solucoes Biologicas Ltda - Piracicaba/SP","Inseticida Microbiológico","Categoria 5  Produto Improvável de Causar Dano Agudo","Produto Pouco Perigoso ao Meio Ambiente"
11526,17,"ANTÜ 50 EC","Biorisk - Assessoria e Comércio de Produtos Agrícolas Ltda.",Inseticida,"Categoria 5  Produto Improvável de Causar Dano Agudo","Produto Muito Perigoso ao Meio Ambiente"
34818,18,"AUG 103","Avgust Crop Protection Importação e Exportação Ltda.",Herbicida,"Categoria 5  Produto Improvável de Causar Dano Agudo","Produto Perigoso ao Meio Ambiente"
17322,19,"AUG 106","Avgust Crop Protection Importação e Exportação Ltda.",Inseticida,"Categoria 4  Produto Pouco Tóxico","Produto Muito Perigoso ao Meio Ambiente"
21616,20,"AUG 117","Avgust Crop Protection Importação e Exportação Ltda.",Fungicida,"Categoria 4  Produto Pouco Tóxico","Produto Perigoso ao Meio Ambiente"
15816,21,"AUG 122","Avgust Crop Protection Importação e Exportação Ltda.",Herbicida,"Categoria 5  Produto Improvável de Causar Dano Agudo","Produto Perigoso ao Meio Ambiente"
32218,22,"AUG 126","Avgust Crop Protection Importação e Exportação Ltda.",Herbicida,"Categoria 4  Produto Pouco Tóxico","Produto Muito Perigoso ao Meio Ambiente"
13923,22,"AUG 126 EC","Avgust Crop Protection Importação e Exportação Ltda.",Herbicida,"Categoria 4  Produto Pouco Tóxico","Produto Muito Perigoso ao Meio Ambiente"
14523,22,"AUG 126 EC BR","Avgust Crop Protection Importação e Exportação Ltda.",Herbicida,"Categoria 4  Produto Pouco Tóxico","Produto Muito Perigoso ao Meio Ambiente"
22422,19,"AUG 134","Avgust Crop Protection Importação e Exportação Ltda.",Inseticida,"Categoria 4  Produto Pouco Tóxico","Produto Muito Perigoso ao Meio Ambiente"
40017,23,"AUG 137","Avgust Crop Protection Importação e Exportação Ltda.",Fungicida,"Categoria 4  Produto Pouco Tóxico","Produto Muito Perigoso ao Meio Ambiente"
2923,24,"Aba 400 WG Nortox","Nortox S.A. - Arapongas",Acaricida/Inseticida/Nematicida,"Categoria 2  Produto Altamente Tóxico","Produto Muito Perigoso ao Meio Ambiente"
9210,25,"Abacus HC","Basf Agricultural Solutions Brasil Ltda  São Paulo/SP",Fungicida,"Categoria 4  Produto Pouco Tóxico","Produto Muito Perigoso ao Meio Ambiente"
1520,17,Abaday,"Sumitomo Chemical Brasil Indústria Química S.A. - Maracanaú/CE",Inseticida,"Categoria 4  Produto Pouco Tóxico","Produto Muito Perigoso ao Meio Ambiente"
19917,24,"Abadin 72 EC","Cropchem Ltda - Porto Alegre",Inseticida,"Categoria 3  Produto Moderadamente Tóxico","Produto Muito Perigoso ao Meio Ambiente"
29617,24,"Abamectin 72 EC Nortox","Nortox S.A. - Arapongas",Acaricida/Inseticida,"Categoria 3  Produto Moderadamente Tóxico","Produto Muito Perigoso ao Meio Ambiente"
39825,24,"Abamectin CCAB 18 EC II","CCAB Agro S.A.   São Paulo",Acaricida/Inseticida/Nematicida,"Categoria 5  Produto Improvável de Causar Dano Agudo","Produto Perigoso ao Meio Ambiente"
5501,24,"Abamectin Nortox","Nortox S.A. - Arapongas",Acaricida/Inseticida,"Categoria 5  Produto Improvável de Causar Dano Agudo","Produto Perigoso ao Meio Ambiente"
6020,24,"Abamectin Nortox 400 WG ","Nortox S.A. - Arapongas",Acaricida/Inseticida/Nematicida,"Categoria 2  Produto Altamente Tóxico","Produto Muito Perigoso ao Meio Ambiente"
3624,24,"Abamectin Nortox 72 EC","Nortox S.A. - Arapongas",Inseticida,"Categoria 3  Produto Moderadamente Tóxico","Produto Muito Perigoso ao Meio Ambiente"
806,24,"Abamectin Prentiss","Prentiss Química Ltda. - Campo Largo/PR",Acaricida/Inseticida,"Categoria 3  Produto Moderadamente Tóxico","Produto Perigoso ao Meio Ambiente"
3801,24,Abamex,"Sumitomo Chemical Brasil Indústria Química S.A. - Maracanaú/CE",Acaricida/Inseticida,"Categoria 4  Produto Pouco Tóxico","Produto Perigoso ao Meio Ambiente"
5221,24,"Abamex Maxx","Cropchem Ltda - Porto Alegre",Acaricida/Inseticida,"Categoria 3  Produto Moderadamente Tóxico","Produto Muito Perigoso ao Meio Ambiente"
2798,26,Able,"Mitsui & Co (Brasil) S.A.","Inseticida Microbiológico","Categoria 5  Produto Improvável de Causar Dano Agudo","Produto Pouco Perigoso ao Meio Ambiente"
12014,27,Abone,"Albaugh Agro Brasil Ltda.- São Paulo",Herbicida,"Categoria 4  Produto Pouco Tóxico","Produto Muito Perigoso ao Meio Ambiente"
16117,28,"Absoluto 500 SC","Iharabras S.A. Indústria Químicas - Sorocaba",Fungicida,"Categoria 3  Produto Moderadamente Tóxico","Produto Muito Perigoso ao Meio Ambiente"
28517,28,"Absoluto Fix","Iharabras S.A. Indústria Químicas - Sorocaba",Fungicida,"Categoria 2  Produto Altamente Tóxico","Produto Muito Perigoso ao Meio Ambiente"
1205,29,Academic,"Oxon Brasil Defensivos Agrícolas Ltda.",Fungicida,"Categoria 5  Produto Improvável de Causar Dano Agudo","Produto Perigoso ao Meio Ambiente"
50625,30,"Acam 200 SP ","Sharda do Brasil Comércio de Produtos Químicos e Agroquímicos LTDA",Inseticida,"Categoria 4  Produto Pouco Tóxico","Produto Muito Perigoso ao Meio Ambiente"
24918,24,"Acanein 18 EC","Agroallianz S.A",Inseticida,"Categoria 3  Produto Moderadamente Tóxico","Produto Muito Perigoso ao Meio Ambiente"
8420,31,Acapela,"CTVA Proteção de Cultivos Ltda - Barueri (Tamboré)",Fungicida,"Categoria 5  Produto Improvável de Causar Dano Agudo","Produto Muito Perigoso ao Meio Ambiente"
9120,31,"Acapela BR","CTVA Proteção de Cultivos Ltda - Barueri (Tamboré)",Fungicida,"Categoria 5  Produto Improvável de Causar Dano Agudo","Produto Muito Perigoso ao Meio Ambiente"
13622,24,Acarigen,"Tecnomyl Brasil Distribuidora de Produtos Agrícolas Ltda - Foz do Iguaçu",Acaricida/Inseticida/Nematicida,"Categoria 4  Produto Pouco Tóxico","Produto Perigoso ao Meio Ambiente"
42325,24,"Acarigen 84 SC","Tecnomyl Brasil Distribuidora de Produtos Agrícolas Ltda - Foz do Iguaçu",Acaricida/Inseticida/Nematicida,"Categoria 4  Produto Pouco Tóxico","Produto Muito Perigoso ao Meio Ambiente"
303,32,Acarit,"Adama Brasil S.A.- Londrina/PR",Acaricida,"Categoria 3  Produto Moderadamente Tóxico","Produto Muito Perigoso ao Meio Ambiente"
12208,32,"Acarit EC","Adama Brasil S.A.- Londrina/PR",Acaricida,"Categoria 4  Produto Pouco Tóxico","Produto Muito Perigoso ao Meio Ambiente"
2823,33,Accede,"Sumitomo Chemical Brasil Indústria Química S.A. - Maracanaú/CE","Regulador de Crescimento","Categoria 5  Produto Improvável de Causar Dano Agudo","Produto Pouco Perigoso ao Meio Ambiente"
35521,34,Accel,"Sumitomo Chemical Brasil Indústria Química S.A. - Maracanaú/CE","Regulador de Crescimento","Categoria 5  Produto Improvável de Causar Dano Agudo","Produto Pouco Perigoso ao Meio Ambiente"
5806,21,Accent,"CTVA Proteção de Cultivos Ltda - Barueri (Tamboré)",Herbicida,"Categoria 5  Produto Improvável de Causar Dano Agudo","Produto Perigoso ao Meio Ambiente"
11126,35,Accipiter,"ALTA - America Latina Tecnologia Agrícola Ltda.- Curitiba",Acaricida/Inseticida,"Categoria 4  Produto Pouco Tóxico","Produto Muito Perigoso ao Meio Ambiente"
7326,36,"Accurate Plus","Agribiol  Biológicos Agrícolas Ltda","Inseticida Microbiológico","Categoria 5  Produto Improvável de Causar Dano Agudo","Produto Pouco Perigoso ao Meio Ambiente"
39324,37,"Accurate S","Bionat Soluções Biologicas Ltda","Inseticida Microbiológico","Categoria 5  Produto Improvável de Causar Dano Agudo","Produto Pouco Perigoso ao Meio Ambiente"
4193,12,"Acebeats 750 SP; Acecopa 750 SP; AceElimina; ","Agrobeats Defensivos Agrícolas Ltda ",Inseticida,"Categoria 4  Produto Pouco Tóxico","Produto Perigoso ao Meio Ambiente"
5124,12,"Acedemar; Shacal;","Rainbow Defensivos Agrícolas Ltda.- Porto Alegre /RS ",Inseticida,"Categoria 4  Produto Pouco Tóxico","Produto Muito Perigoso ao Meio Ambiente"
38618,12,"Acefato CCAB 750 SP","CCAB Agro S.A.   São Paulo",Inseticida,"Categoria 2  Produto Altamente Tóxico","Produto Muito Perigoso ao Meio Ambiente"
26024,12,"Acefato CCAB 950 SG","CCAB Agro S.A.   São Paulo",Inseticida,"Categoria 4  Produto Pouco Tóxico","Produto Muito Perigoso ao Meio Ambiente"
42125,12,"Acefato CCAB 970 SG","CCAB Agro S.A.   São Paulo",Inseticida,"Categoria 4  Produto Pouco Tóxico","Produto Muito Perigoso ao Meio Ambiente"
458294,12,"Acefato Fersol 750 SP; Arcanjo 750 ZS; ","Ameribrás Indústria e Comércio Ltda.",Acaricida/Inseticida,"Categoria 4  Produto Pouco Tóxico","Produto Perigoso ao Meio Ambiente"
16024,12,"Acefato Max Nortox","Nortox S.A. - Arapongas",Inseticida,"Categoria 4  Produto Pouco Tóxico","Produto Muito Perigoso ao Meio Ambiente"
16907,12,"Acefato Nortox","Nortox S.A. - Arapongas",Inseticida,"Categoria 4  Produto Pouco Tóxico","Produto Muito Perigoso ao Meio Ambiente"
417,12,"Acefato Sumitomo 750 SP","Sumitomo Chemical Brasil Indústria Química S.A. - Maracanaú/CE",Inseticida,"Categoria 2  Produto Altamente Tóxico","Produto Muito Perigoso ao Meio Ambiente"
27323,30,"Acegol; Acertamax CHDS; Sandal Max TM;","Rainbow Defensivos Agrícolas Ltda.- Porto Alegre /RS ",Inseticida,"Categoria 4  Produto Pouco Tóxico","Produto Muito Perigoso ao Meio Ambiente"
8311,12,Acehero,"Coromandel América S.A",Inseticida,"Categoria 2  Produto Altamente Tóxico","Produto Muito Perigoso ao Meio Ambiente"
20723,30,"Acemip; Estralis;","Rainbow Defensivos Agrícolas Ltda.- Porto Alegre /RS ",Inseticida,"Categoria 5  Produto Improvável de Causar Dano Agudo","Produto Muito Perigoso ao Meio Ambiente"
8625,12,"Acephate 90 SP Agrogill","Biorisk - Assessoria e Comércio de Produtos Agrícolas Ltda.",Acaricida/Inseticida,"Categoria 5  Produto Improvável de Causar Dano Agudo","Produto Muito Perigoso ao Meio Ambiente"
46025,12,"Acephate 97% SG GSP","GSP Agroquímica do Brasil Ltda - Porto Alegra/RS",Inseticida,"Categoria 4  Produto Pouco Tóxico","Produto Muito Perigoso ao Meio Ambiente"
45925,12,"Acephate 97% SG GSP II","GSP Agroquímica do Brasil Ltda - Porto Alegra/RS",Inseticida,"Categoria 4  Produto Pouco Tóxico","Produto Muito Perigoso ao Meio Ambiente"
14320,26,Acera,"Ballagro Agro Tecnologia Ltda. - Bom Jesus dos Perdões/SP","Inseticida Microbiológico","Categoria 5  Produto Improvável de Causar Dano Agudo","Produto Pouco Perigoso ao Meio Ambiente"
2093,38,"Acert; Agil; ","Adama Brasil S.A.- Londrina/PR",Herbicida,"Categoria 4  Produto Pouco Tóxico","Produto Muito Perigoso ao Meio Ambiente"
24826,30,Acertamax,"CHDS do Brasil Comércio de Insumos Agrícolas Ltda - São Miguel do Iguaçu/PR   ",Inseticida,"Categoria 4  Produto Pouco Tóxico","Produto Muito Perigoso ao Meio Ambiente"
2218,30,Aceta,"Agriconnection Importadora e Exportadora de Insumos Agrícolas - Barueri/SP",Inseticida,"Categoria 5  Produto Improvável de Causar Dano Agudo","Produto Muito Perigoso ao Meio Ambiente"
1326,30,"Aceta+Bif B2","Perterra Insumos Agropecuários S.A.  São Paulo/SP",Inseticida,"Categoria 4  Produto Pouco Tóxico","Produto Altamente Perigoso ao Meio Ambiente"
9126,30,"Acetamiprid 200 SP Proventis","Proventis Lifescience Defensivos Agrícolas Ltda",Inseticida,"Categoria 4  Produto Pouco Tóxico","Produto Muito Perigoso ao Meio Ambiente"
39125,30,"Acetamiprid 250 g/kg + Bifenthrin 250 Sino-Agri; Trabuco WG; Cripta TR; ","Inovatis Agronegocios Importação e Exportação Ltda.",Inseticida,"Categoria 4  Produto Pouco Tóxico","Produto Muito Perigoso ao Meio Ambiente"
10812,30,"Acetamiprid CCAB 200 SP","CCAB Agro S.A.   São Paulo",Inseticida,"Categoria 4  Produto Pouco Tóxico","Produto Muito Perigoso ao Meio Ambiente"
26020,30,"Acetamiprid CCAB 200 SP II","CCAB Agro S.A.   São Paulo",Inseticida,"Categoria 4  Produto Pouco Tóxico","Produto Muito Perigoso ao Meio Ambiente"
43619,30,"Acetamiprid Nortox","Nortox S.A. - Arapongas",Inseticida,"Categoria 4  Produto Pouco Tóxico","Produto Muito Perigoso ao Meio Ambiente"
1218,30,"Acetamiprid Nortox 200 SP","Nortox S.A. - Arapongas",Inseticida,"Categoria 4  Produto Pouco Tóxico","Produto Muito Perigoso ao Meio Ambiente"
27817,30,"Acetamiprid Synwill","AllierBrasil Agro Ltda.",Inseticida,"Categoria 4  Produto Pouco Tóxico","Produto Muito Perigoso ao Meio Ambiente"
49925,30,"Acetamiprido SC Albaugh 01 ","Albaugh Agro Brasil Ltda.- São Paulo",Inseticida,"Categoria 4  Produto Pouco Tóxico","Produto Muito Perigoso ao Meio Ambiente"
21026,30,"Acetamiprido+Bifentrina SC Albaugh 02","Albaugh Agro Brasil Ltda.- São Paulo",Inseticida,"Categoria 4  Produto Pouco Tóxico","Produto Altamente Perigoso ao Meio Ambiente"
57925,12,Acetide,"Prentiss Química Ltda. - Campo Largo/PR",Inseticida,"Categoria 4  Produto Pouco Tóxico","Produto Muito Perigoso ao Meio Ambiente"
5924,30,"Aceway; Flame WG; Saggio; Indotop;","Rainbow Defensivos Agrícolas Ltda.- Porto Alegre /RS ",Inseticida,"Categoria 4  Produto Pouco Tóxico","Produto Altamente Perigoso ao Meio Ambiente"
11908,39,Acillatem,"UPL do Brasil Indústria e Comércio de Insumos Agropecuários S.A. - Matriz Ituverava/SP ",Herbicida,"Categoria 5  Produto Improvável de Causar Dano Agudo","Produto Perigoso ao Meio Ambiente"
712,40,"Aclamado BR","Ouro Fino Química S.A. - Uberaba",Herbicida,"Categoria 4  Produto Pouco Tóxico","Produto Muito Perigoso ao Meio Ambiente"
52625,41,Acomple,"Syngenta Proteção de Cultivos Ltda.  São Paulo/SP",Inseticida,"Categoria 4  Produto Pouco Tóxico","Produto Muito Perigoso ao Meio Ambiente"
32725,42,"Acribia Duo","Syngenta Proteção de Cultivos Ltda.  São Paulo/SP",Herbicida,"Categoria 4  Produto Pouco Tóxico","Produto Muito Perigoso ao Meio Ambiente"
2605,43,"Acrobat MZ","Basf S.A.  São Paulo",Fungicida,"Categoria 5  Produto Improvável de Causar Dano Agudo","Produto Muito Perigoso ao Meio Ambiente"
4111,44,Acronis,"Basf Agricultural Solutions Brasil Ltda  São Paulo/SP",Fungicida,"Categoria 4  Produto Pouco Tóxico","Produto Muito Perigoso ao Meio Ambiente"
23420,44,"Acronis UBS","Basf Agricultural Solutions Brasil Ltda  São Paulo/SP",Fungicida,"Categoria 4  Produto Pouco Tóxico","Produto Muito Perigoso ao Meio Ambiente"
22820,45,"Across; Zarco;","Adama Brasil S.A.- Londrina/PR",Fungicida,"Categoria 5  Produto Improvável de Causar Dano Agudo","Produto Muito Perigoso ao Meio Ambiente"
12317,12,"Acrux 750 SP","Sharda do Brasil Comércio de Produtos Químicos e Agroquímicos LTDA",Inseticida,"Categoria 4  Produto Pouco Tóxico","Produto Muito Perigoso ao Meio Ambiente"
10098,46,"Actara 250 WG; Nirvana; ","Syngenta Proteção de Cultivos Ltda.  São Paulo/SP",Inseticida,"Categoria 5  Produto Improvável de Causar Dano Agudo","Produto Perigoso ao Meio Ambiente"
5313,46,"Actara 750 SG","Syngenta Proteção de Cultivos Ltda.  São Paulo/SP",Inseticida,"Categoria 5  Produto Improvável de Causar Dano Agudo","Produto Perigoso ao Meio Ambiente"
1238404,47,"Actellic 500 EC","Syngenta Proteção de Cultivos Ltda.  São Paulo/SP",Inseticida,"Categoria 5  Produto Improvável de Causar Dano Agudo","Produto Muito Perigoso ao Meio Ambiente"
9609,48,Actelliclambda,"Syngenta Proteção de Cultivos Ltda.  São Paulo/SP",Inseticida,"Categoria 4  Produto Pouco Tóxico","Produto Muito Perigoso ao Meio Ambiente"
10911,49,Actend,"Syngenta Proteção de Cultivos Ltda.  São Paulo/SP",Herbicida,"Categoria 5  Produto Improvável de Causar Dano Agudo","Produto Perigoso ao Meio Ambiente"
15325,50,"ActiMist PYR","AgroFresh Brasil Ltda. - São Paulo/SP",Fungicida,"Não Classificado - Produto Não Classificado","Produto Perigoso ao Meio Ambiente"
26325,50,"ActiSeal PYR","AgroFresh Brasil Ltda. - São Paulo/SP",Fungicida,"Categoria 5  Produto Improvável de Causar Dano Agudo","Produto Muito Perigoso ao Meio Ambiente"
9414,51,Actigard,"Syngenta Proteção de Cultivos Ltda.  São Paulo/SP","Ativador de planta","Categoria 5  Produto Improvável de Causar Dano Agudo","Produto Perigoso ao Meio Ambiente"
6211,46,"Adage 350 FS","Syngenta Proteção de Cultivos Ltda.  São Paulo/SP",Inseticida,"Categoria 5  Produto Improvável de Causar Dano Agudo","Produto Perigoso ao Meio Ambiente"
28817,45,"Adante Xtra","Syngenta Proteção de Cultivos Ltda.  São Paulo/SP",Fungicida/Inseticida,"Categoria 4  Produto Pouco Tóxico","Produto Muito Perigoso ao Meio Ambiente"
2708,5,Addit,"Sumitomo Chemical Brasil Indústria Química S.A. - Maracanaú/CE",Herbicida,"Categoria 5  Produto Improvável de Causar Dano Agudo","Produto Perigoso ao Meio Ambiente"
421,52,"Adengo; Firmus;","Bayer S.A. - São Paulo/ SP",Herbicida,"Não Classificado - Produto Não Classificado","Produto Muito Perigoso ao Meio Ambiente"
25218,28,Aderis,"Ouro Fino Química S.A. - Uberaba",Fungicida,"Categoria 4  Produto Pouco Tóxico","Produto Perigoso ao Meio Ambiente"
14822,53,Adetus,"Syngenta Proteção de Cultivos Ltda.  São Paulo/SP",Fungicida,"Categoria 4  Produto Pouco Tóxico","Produto Muito Perigoso ao Meio Ambiente"
14026,54,Adiantta,"Adama Brasil S.A.- Londrina/PR","Regulador de Crescimento","Categoria 4  Produto Pouco Tóxico","Produto Pouco Perigoso ao Meio Ambiente"
16625,45,"Adiconstar; Katai;","Rainbow Defensivos Agrícolas Ltda.- Porto Alegre /RS ",Fungicida,"Categoria 4  Produto Pouco Tóxico","Produto Muito Perigoso ao Meio Ambiente"
31718,55,Adifac,"Basf S.A.  São Paulo",Herbicida,"Categoria 4  Produto Pouco Tóxico","Produto Perigoso ao Meio Ambiente"
1595,27,Advance,"Ouro Fino Química S.A. - Uberaba",Herbicida,"Categoria 5  Produto Improvável de Causar Dano Agudo","Produto Muito Perigoso ao Meio Ambiente"
1522,56,"Adver 240 SC ","Tecnomyl Brasil Distribuidora de Produtos Agrícolas Ltda - Foz do Iguaçu",Acaricida/Inseticida,"Categoria 5  Produto Improvável de Causar Dano Agudo","Produto Muito Perigoso ao Meio Ambiente"
6010,57,"Afalon 450 SC","Adama Brasil S.A.- Londrina/PR",Herbicida,"Categoria 5  Produto Improvável de Causar Dano Agudo","Produto Muito Perigoso ao Meio Ambiente"
88507,57,"Afalon SC","Adama Brasil S.A.- Londrina/PR",Herbicida,"Categoria 5  Produto Improvável de Causar Dano Agudo","Produto Muito Perigoso ao Meio Ambiente"
1007,58,"Affinity 400 EC","FMC Química do Brasil Ltda. - Campinas/SP",Herbicida,"Categoria 5  Produto Improvável de Causar Dano Agudo","Produto Muito Perigoso ao Meio Ambiente"
13323,30,"Afiado; Proud;","Albaugh Agro Brasil Ltda.- São Paulo",Inseticida,"Categoria 4  Produto Pouco Tóxico","Produto Altamente Perigoso ao Meio Ambiente"
26317,59,AfincoBR,"Ouro Fino Química S.A. - Uberaba",Inseticida,"Categoria 4  Produto Pouco Tóxico","Produto Muito Perigoso ao Meio Ambiente"
24820,60,AgTecmmon,"Massen Produtos Biologicos S.A. - Indaiatuba/SP","Fungicida microbiológico","Categoria 5  Produto Improvável de Causar Dano Agudo","Produto Pouco Perigoso ao Meio Ambiente"
6111,61,Agata,"ISK Biosciences do Brasil Defensivos Agricolas Ltda",Acaricida/Fungicida,"Categoria 4  Produto Pouco Tóxico","Produto Altamente Perigoso ao Meio Ambiente"
4825,62,Agathos,"Genica Inovação Biotecnologica S.A.. - Planta 2/Piracicaba/SP","Fungicida microbiológico","Categoria 5  Produto Improvável de Causar Dano Agudo","Produto Pouco Perigoso ao Meio Ambiente"
45124,36,Agbti,"Binova Agro Industrial Ltda","Inseticida Microbiológico","Categoria 5  Produto Improvável de Causar Dano Agudo","Produto Pouco Perigoso ao Meio Ambiente"
17320,63,"Agdommon; Nemaoff; Bionexus; Volga; Fazen; ","Massen Produtos Biologicos S.A. - Indaiatuba/SP","Nematicida Microbiológico","Categoria 5  Produto Improvável de Causar Dano Agudo","Produto Pouco Perigoso ao Meio Ambiente"
19907,64,Agefix,"Gulf Oil do Brasil Ltda - Iperó/SP",Acaricida/Inseticida,"Categoria 5  Produto Improvável de Causar Dano Agudo","Produto Perigoso ao Meio Ambiente"
46324,64,Agemax,"Gulf Oil do Brasil Ltda - Iperó/SP",Fungicida,"Categoria 4  Produto Pouco Tóxico","Produto Perigoso ao Meio Ambiente"
26622,12,Aggressor,"AllierBrasil Agro Ltda.",Acaricida/Inseticida,"Categoria 4  Produto Pouco Tóxico","Produto Muito Perigoso ao Meio Ambiente"
2019,65,Agile,"UPL do Brasil Indústria e Comércio de Insumos Agropecuários S.A. - Matriz Ituverava/SP ",Herbicida,"Categoria 5  Produto Improvável de Causar Dano Agudo","Produto Perigoso ao Meio Ambiente"
10226,58,Agilica,"Rainbow Defensivos Agrícolas Ltda.- Porto Alegre /RS ",Herbicida,"Categoria 5  Produto Improvável de Causar Dano Agudo","Produto Muito Perigoso ao Meio Ambiente"
14526,66,"Agmacro ","Agcontrol - Industria e Comercio de Agentes Biologicos Ltda ","Acaricida Biológico","Não Classificado - Produto Não Classificado","Produto Pouco Perigoso ao Meio Ambiente"
18125,15,"Agnexmmon Pro","Binova Agro Industrial Ltda","Acaricida Microbiológico/Inseticida Microbiológico","Categoria 5  Produto Improvável de Causar Dano Agudo","Produto Pouco Perigoso ao Meio Ambiente"
6095,26,Agree,"Bio Controle - Métodos de Controle de Pragas Ltda.  ","Inseticida Microbiológico","Categoria 5  Produto Improvável de Causar Dano Agudo","Produto Pouco Perigoso ao Meio Ambiente"
2698707,67,"Agrinose; Oxi-Cup 35 WP;","Quimetal Produtos Quimicos do Brasil Ltda.  ",Bactericida/Fungicida,"Categoria 5  Produto Improvável de Causar Dano Agudo","Produto Muito Perigoso ao Meio Ambiente"
178810,68,"Agritoato 400","Sumitomo Chemical Brasil Indústria Química S.A. - Maracanaú/CE",Inseticida,"Categoria 4  Produto Pouco Tóxico","Produto Muito Perigoso ao Meio Ambiente"
2110,69,Agritone,"Sumitomo Chemical Brasil Indústria Química S.A. - Maracanaú/CE",Herbicida,"Categoria 4  Produto Pouco Tóxico","Produto Perigoso ao Meio Ambiente"
4726,70,Agritésia,"RL Controle Biologico Ltda - EPP ","Inseticida Microbiológico","Não Classificado - Produto Não Classificado","Produto Pouco Perigoso ao Meio Ambiente"
5100,71,Agro-Oil,"Vittia S.A. - São Joaquim da Barra 01",Inseticida,"Categoria 5  Produto Improvável de Causar Dano Agudo","Produto Pouco Perigoso ao Meio Ambiente"
32522,72,Agroneem,"Ophicina Organica Fertilizantes - Atibaia/SP ",Fungicida/Inseticida,"Categoria 5  Produto Improvável de Causar Dano Agudo","Produto Pouco Perigoso ao Meio Ambiente"
24522,73,Agrosban,"Syncrom Assessoria e Comércio de Produtos Agropecuários  Ltda.",Acaricida/Inseticida,"Categoria 3  Produto Moderadamente Tóxico","Produto Altamente Perigoso ao Meio Ambiente"
24822,28,"Agroshield; Clorotalonil 825 WG NGC; ","NGC Agrosciences Brasil Ltda - Botucatu/SP",Fungicida,"Categoria 4  Produto Pouco Tóxico","Produto Muito Perigoso ao Meio Ambiente"
1448999,74,"Agrothio 800","Vittia S.A. - São Joaquim da Barra 01",Acaricida/Fungicida,"Não Classificado - Produto Não Classificado","Produto Pouco Perigoso ao Meio Ambiente"
28220,75,"Agrotop; Pilardifen; Ditor 250 TM;","Pilarquim Br Comercial Ltda.- São Paulo",Fungicida,"Categoria 4  Produto Pouco Tóxico","Produto Muito Perigoso ao Meio Ambiente"
5826,14,Agtrich,"Agbiomics Comercio de Insumos Agricolas Ltda - Piracicaba/SP","Fungicida microbiológico","Categoria 5  Produto Improvável de Causar Dano Agudo","Produto Pouco Perigoso ao Meio Ambiente"
11118,76,Airone,"Gowan Produtos Agrícolas Ltda. - Matriz Campinas/SP",Fungicida,"Categoria 4  Produto Pouco Tóxico","Produto Perigoso ao Meio Ambiente"
7019,76,"Airone Inox","Gowan Produtos Agrícolas Ltda. - Matriz Campinas/SP",Fungicida,"Categoria 4  Produto Pouco Tóxico","Produto Perigoso ao Meio Ambiente"
7119,76,"Airone Scudo","Gowan Produtos Agrícolas Ltda. - Matriz Campinas/SP",Fungicida,"Categoria 4  Produto Pouco Tóxico","Produto Perigoso ao Meio Ambiente"
1703,77,Akito,"UPL do Brasil Indústria e Comércio de Insumos Agropecuários S.A. - Matriz Ituverava/SP ",Inseticida,"Categoria 4  Produto Pouco Tóxico","Produto Muito Perigoso ao Meio Ambiente"
5326,78,Akselis,"ALTA - America Latina Tecnologia Agrícola Ltda.- Curitiba",Fungicida,"Categoria 5  Produto Improvável de Causar Dano Agudo","Produto Muito Perigoso ao Meio Ambiente"
11601,79,"Alaclor + Atrazina SC Nortox","Nortox S.A. - Arapongas",Herbicida,"Categoria 5  Produto Improvável de Causar Dano Agudo","Produto Muito Perigoso ao Meio Ambiente"
1038601,79,"Alaclor Nortox","Nortox S.A. - Arapongas",Herbicida,"Categoria 5  Produto Improvável de Causar Dano Agudo","Produto Muito Perigoso ao Meio Ambiente"
7521,80,"Alade; Podesta;","Syngenta Proteção de Cultivos Ltda.  São Paulo/SP",Fungicida,"Categoria 4  Produto Pouco Tóxico","Produto Muito Perigoso ao Meio Ambiente"
28523,65,Alba,"Oxon Brasil Defensivos Agrícolas Ltda.",Herbicida,"Categoria 5  Produto Improvável de Causar Dano Agudo","Produto Perigoso ao Meio Ambiente"
13512,81,Albatross,"Adama Brasil S.A.- Londrina/PR",Inseticida,"Categoria 3  Produto Moderadamente Tóxico","Produto Muito Perigoso ao Meio Ambiente"
24517,81,"Albatross 800 WG","Adama Brasil S.A.- Londrina/PR",Cupinicida/Inseticida,"Categoria 3  Produto Moderadamente Tóxico","Produto Muito Perigoso ao Meio Ambiente"
23322,9,"Albero; Impala; Patrono; Reinado;","UPL do Brasil Indústria e Comércio de Insumos Agropecuários S.A. - Matriz Ituverava/SP ",Herbicida,"Categoria 5  Produto Improvável de Causar Dano Agudo","Produto Muito Perigoso ao Meio Ambiente"
14225,45,"Alchemy; AzoxcyForce; ","Agro-Lead Brasil Assessoria em Produtos Agrícolas Ltda - EPP",Fungicida,"Categoria 5  Produto Improvável de Causar Dano Agudo","Produto Muito Perigoso ao Meio Ambiente"
7898,82,Alea,"CTVA Proteção de Cultivos Ltda - Barueri (Tamboré)",Inseticida,"Categoria 5  Produto Improvável de Causar Dano Agudo","Produto Perigoso ao Meio Ambiente"
27524,15,"Aleris; Blinquer Bio; Mutari; Kentô Beauveria Pro; Beauzone; Vivus Bassi; ","Alfa Agrotec Produtos Agrícolas Ltda","Acaricida Microbiológico/Inseticida Microbiológico","Categoria 5  Produto Improvável de Causar Dano Agudo","Produto Pouco Perigoso ao Meio Ambiente"
10924,83,"Alfa Super 100 EC","Sharda do Brasil Comércio de Produtos Químicos e Agroquímicos LTDA",Inseticida,"Categoria 3  Produto Moderadamente Tóxico","Produto Muito Perigoso ao Meio Ambiente"
40424,83,"Alfasect 100 EC","Sharda do Brasil Comércio de Produtos Químicos e Agroquímicos LTDA",Inseticida,"Categoria 3  Produto Moderadamente Tóxico","Produto Muito Perigoso ao Meio Ambiente"
12917,84,Alia,"UPL do Brasil Indústria e Comércio de Insumos Agropecuários S.A. - Matriz Ituverava/SP ",Herbicida,"Categoria 5  Produto Improvável de Causar Dano Agudo","Produto Perigoso ao Meio Ambiente"
57825,8,Alidmox,"Rainbow Defensivos Agrícolas Ltda.- Porto Alegre /RS ",Herbicida,"Categoria 4  Produto Pouco Tóxico","Produto Perigoso ao Meio Ambiente"
108700,85,Aliette,"Bayer S.A. - São Paulo/ SP",Fungicida,"Categoria 5  Produto Improvável de Causar Dano Agudo","Produto Perigoso ao Meio Ambiente"
4106,86,"Alika; Terminate Nortox;","Syngenta Proteção de Cultivos Ltda.  São Paulo/SP",Inseticida,"Categoria 4  Produto Pouco Tóxico","Produto Altamente Perigoso ao Meio Ambiente"
3116,87,Alion,"Bayer S.A. - São Paulo/ SP",Herbicida,"Categoria 5  Produto Improvável de Causar Dano Agudo","Produto Perigoso ao Meio Ambiente"
23726,87,"Alion Max","Bayer S.A. - São Paulo/ SP",Herbicida,"Categoria 5  Produto Improvável de Causar Dano Agudo","Produto Perigoso ao Meio Ambiente"
21016,87,"Alion Pro","Bayer S.A. - São Paulo/ SP",Herbicida,"Categoria 4  Produto Pouco Tóxico","Produto Muito Perigoso ao Meio Ambiente"
12725,8,"Alkazar; AminoForce Plus; ","Agro-Lead Brasil Assessoria em Produtos Agrícolas Ltda - EPP",Herbicida,"Categoria 4  Produto Pouco Tóxico","Produto Muito Perigoso ao Meio Ambiente"
36525,45,Allenza,"Perterra Insumos Agropecuários S.A.  São Paulo/SP",Fungicida,"Categoria 5  Produto Improvável de Causar Dano Agudo","Produto Muito Perigoso ao Meio Ambiente"
28320,88,"Allus; Arek;","Helm do Brasil Mercantil - São Paulo/SP",Herbicida,"Categoria 5  Produto Improvável de Causar Dano Agudo","Produto Muito Perigoso ao Meio Ambiente"
2492,89,Ally,"FMC Química do Brasil Ltda. - Campinas/SP",Herbicida,"Categoria 5  Produto Improvável de Causar Dano Agudo","Produto Perigoso ao Meio Ambiente"
1622,78,"Almada; Kejano;","Adama Brasil S.A.- Londrina/PR",Fungicida,"Categoria 5  Produto Improvável de Causar Dano Agudo","Produto Muito Perigoso ao Meio Ambiente"
36022,90,"Almane ","Syngenta Proteção de Cultivos Ltda.  São Paulo/SP",Herbicida,"Categoria 5  Produto Improvável de Causar Dano Agudo","Produto Perigoso ao Meio Ambiente"
31422,35,"Alon; Buffon; Zarpal; ","Globachem Proteção de Cultivos do Brasil Ltda. - Campinas/SP",Inseticida,"Categoria 4  Produto Pouco Tóxico","Produto Muito Perigoso ao Meio Ambiente"
22525,12,"Alpes 970 SG","CHDS do Brasil Comércio de Insumos Agrícolas Ltda - São Miguel do Iguaçu/PR   ",Acaricida/Inseticida,"Categoria 4  Produto Pouco Tóxico","Produto Muito Perigoso ao Meio Ambiente"
40324,83,"Alsip 100 EC","Sharda do Brasil Comércio de Produtos Químicos e Agroquímicos LTDA",Inseticida,"Categoria 3  Produto Moderadamente Tóxico","Produto Muito Perigoso ao Meio Ambiente"
8909,91,Altacor,"FMC Química do Brasil Ltda. - Campinas/SP",Inseticida,"Não Classificado - Produto Não Classificado","Produto Muito Perigoso ao Meio Ambiente"
43824,91,"Altacor WG","FMC Química do Brasil Ltda. - Campinas/SP",Acaricida/Inseticida,"Não Classificado - Produto Não Classificado","Produto Muito Perigoso ao Meio Ambiente"
6011,61,Altima,"ISK Biosciences do Brasil Defensivos Agricolas Ltda",Acaricida/Fungicida,"Categoria 4  Produto Pouco Tóxico","Produto Altamente Perigoso ao Meio Ambiente"
991,92,"Alto 100","Syngenta Proteção de Cultivos Ltda.  São Paulo/SP",Fungicida,"Categoria 5  Produto Improvável de Causar Dano Agudo","Produto Muito Perigoso ao Meio Ambiente"
16124,92,"Alto 400 SC","Syngenta Proteção de Cultivos Ltda.  São Paulo/SP",Fungicida,"Categoria 4  Produto Pouco Tóxico","Produto Muito Perigoso ao Meio Ambiente"
26623,28,"Alto Elite","Syngenta Proteção de Cultivos Ltda.  São Paulo/SP",Fungicida,"Categoria 4  Produto Pouco Tóxico","Produto Muito Perigoso ao Meio Ambiente"
7723,35,"Alvofix ","CHDS do Brasil Comércio de Insumos Agrícolas Ltda - São Miguel do Iguaçu/PR   ",Acaricida/Inseticida,"Categoria 3  Produto Moderadamente Tóxico","Produto Muito Perigoso ao Meio Ambiente"
41424,35,"Alvofix I","CHDS do Brasil Comércio de Insumos Agrícolas Ltda - São Miguel do Iguaçu/PR   ",Acaricida/Inseticida,"Categoria 3  Produto Moderadamente Tóxico","Produto Muito Perigoso ao Meio Ambiente"
22016,21,Amaiz,"Pilarquim Br Comercial Ltda.- São Paulo",Herbicida,"Categoria 5  Produto Improvável de Causar Dano Agudo","Produto Perigoso ao Meio Ambiente"
21721,93,Amanzi,"Agrobiológica Soluções Naturais Ltda - Leme/SP","Fungicida microbiológico","Categoria 5  Produto Improvável de Causar Dano Agudo","Produto Pouco Perigoso ao Meio Ambiente"
1722,29,"Amaze 450 WG","ISK Biosciences do Brasil Defensivos Agricolas Ltda",Fungicida,"Categoria 1  Produto Extremamente Tóxico","Produto Pouco Perigoso ao Meio Ambiente"
31724,29,"Amaze MZ","ISK Biosciences do Brasil Defensivos Agricolas Ltda",Fungicida,"Categoria 5  Produto Improvável de Causar Dano Agudo","Produto Perigoso ao Meio Ambiente"
3620,94,Amblymip,"Promip Manejo Integrado de Pragas Ltda.","Agente Biológico de Controle/Inseticida biológico","Não Classificado - Produto Não Classificado","Produto Pouco Perigoso ao Meio Ambiente"
15021,95,Ameforce,"Zhongshan Química do Brasil - Sorocaba/SP",Herbicida,"Categoria 5  Produto Improvável de Causar Dano Agudo","Produto Muito Perigoso ao Meio Ambiente"
5514,96,Ameris,"ALTA - America Latina Tecnologia Agrícola Ltda.- Curitiba",Herbicida,"Categoria 4  Produto Pouco Tóxico","Produto Muito Perigoso ao Meio Ambiente"
5314,35,Ametista,"FMC Química do Brasil Ltda. - Campinas/SP",Inseticida,"Categoria 3  Produto Moderadamente Tóxico","Produto Muito Perigoso ao Meio Ambiente"
2096,95,"Ametrex 500 SC","Adama Brasil S.A.- Londrina/PR",Herbicida,"Categoria 5  Produto Improvável de Causar Dano Agudo","Produto Muito Perigoso ao Meio Ambiente"
16308,95,"Ametrex WG","Adama Brasil S.A.- Londrina/PR",Herbicida,"Categoria 5  Produto Improvável de Causar Dano Agudo","Produto Muito Perigoso ao Meio Ambiente"
19026,95,"Ametrina 500 SC Binnong","Biorisk - Assessoria e Comércio de Produtos Agrícolas Ltda.",Herbicida,"Categoria 5  Produto Improvável de Causar Dano Agudo","Produto Muito Perigoso ao Meio Ambiente"
16222,95,"Ametrina 500 SC CCAB","CCAB Agro S.A.   São Paulo",Herbicida,"Categoria 5  Produto Improvável de Causar Dano Agudo","Produto Muito Perigoso ao Meio Ambiente"
16318,95,"Ametrina 500 SC Rainbow","Rainbow Defensivos Agrícolas Ltda.- Porto Alegre /RS ",Herbicida,"Categoria 4  Produto Pouco Tóxico","Produto Muito Perigoso ao Meio Ambiente"
15121,95,"Ametrina 800 WG CHDS","CHDS do Brasil Comércio de Insumos Agrícolas Ltda - São Miguel do Iguaçu/PR   ",Herbicida,"Categoria 5  Produto Improvável de Causar Dano Agudo","Produto Muito Perigoso ao Meio Ambiente"
18920,95,"Ametrina 800 WG Rainbow","Rainbow Defensivos Agrícolas Ltda.- Porto Alegre /RS ",Herbicida,"Categoria 4  Produto Pouco Tóxico","Produto Muito Perigoso ao Meio Ambiente"
11514,95,"Ametrina Alta 500 SC","ALTA - America Latina Tecnologia Agrícola Ltda.- Curitiba",Herbicida,"Categoria 4  Produto Pouco Tóxico","Produto Perigoso ao Meio Ambiente"
9322,95,"Ametrina CCAB 500 SC","CCAB Agro S.A.   São Paulo",Herbicida,"Categoria 5  Produto Improvável de Causar Dano Agudo","Produto Muito Perigoso ao Meio Ambiente"
12522,95,"Ametrina Nortox","Nortox S.A. - Arapongas",Herbicida,"Categoria 5  Produto Improvável de Causar Dano Agudo","Produto Muito Perigoso ao Meio Ambiente"
14921,95,"Ametrina Zhongshan 800 WG","Zhongshan Química do Brasil - Sorocaba/SP",Herbicida,"Categoria 5  Produto Improvável de Causar Dano Agudo","Produto Muito Perigoso ao Meio Ambiente"
31323,95,"Ametryn 500 Sino-Agri","Inovatis Agronegocios Importação e Exportação Ltda.",Herbicida,"Categoria 5  Produto Improvável de Causar Dano Agudo","Produto Muito Perigoso ao Meio Ambiente"
1525,97,"Amicarbazone 700 WG Perterra","Perterra Insumos Agropecuários S.A.  São Paulo/SP",Herbicida,"Categoria 5  Produto Improvável de Causar Dano Agudo","Produto Perigoso ao Meio Ambiente"
6222,97,"Amicarbazone Nortox","Nortox S.A. - Arapongas",Herbicida,"Categoria 4  Produto Pouco Tóxico","Produto Perigoso ao Meio Ambiente"
19524,4,Aminoforce,"Jubailireg Brasil Ltda - São Paulo/SP",Herbicida,"Categoria 4  Produto Pouco Tóxico","Produto Perigoso ao Meio Ambiente"
195,6,"Aminol 806","Adama Brasil S.A.- Londrina/PR",Herbicida,"Categoria 4  Produto Pouco Tóxico","Produto Perigoso ao Meio Ambiente"
7825,4,"Aminopyralid  + 2,4-D 360 SL Yonon; Amino BRA; Guerrero; ","Yonon Brasil Defensivos Agricolas Ltda",Herbicida,"Categoria 4  Produto Pouco Tóxico","Produto Muito Perigoso ao Meio Ambiente"
32225,8,"Aminopyralid + 2,4-D Yonon","Yonon Brasil Defensivos Agricolas Ltda",Herbicida,"Categoria 4  Produto Pouco Tóxico","Produto Perigoso ao Meio Ambiente"
2398,45,"Amistar 500 WG","Syngenta Proteção de Cultivos Ltda.  São Paulo/SP",Fungicida,"Categoria 5  Produto Improvável de Causar Dano Agudo","Produto Muito Perigoso ao Meio Ambiente"
3809,45,"Amistar Top","Syngenta Proteção de Cultivos Ltda.  São Paulo/SP",Fungicida,"Categoria 5  Produto Improvável de Causar Dano Agudo","Produto Muito Perigoso ao Meio Ambiente"
1305,45,"Amistar WG","Syngenta Proteção de Cultivos Ltda.  São Paulo/SP",Fungicida,"Categoria 4  Produto Pouco Tóxico","Produto Muito Perigoso ao Meio Ambiente"
6721,93,"Amitrix SC ","Cooperativa Mista de Desenvolvimento do Agronegócio/COMDEAGRO - Primavera do Leste/MT","Fungicida microbiológico","Categoria 5  Produto Improvável de Causar Dano Agudo","Produto Pouco Perigoso ao Meio Ambiente"
8298,98,Amplexus,"Basf S.A.  São Paulo",Herbicida,"Categoria 5  Produto Improvável de Causar Dano Agudo","Produto Muito Perigoso ao Meio Ambiente"
610,91,Ampligo,"Syngenta Proteção de Cultivos Ltda.  São Paulo/SP",Inseticida,"Categoria 4  Produto Pouco Tóxico","Produto Altamente Perigoso ao Meio Ambiente"
3916,24,"Ampligo Pro","Syngenta Proteção de Cultivos Ltda.  São Paulo/SP",Acaricida/Inseticida,"Categoria 4  Produto Pouco Tóxico","Produto Muito Perigoso ao Meio Ambiente"
508,55,Amplo,"Basf S.A.  São Paulo",Herbicida,"Categoria 4  Produto Pouco Tóxico","Produto Perigoso ao Meio Ambiente"
49525,25,"Ampus 125 SC","Cropchem Ltda - Porto Alegre",Fungicida,"Categoria 5  Produto Improvável de Causar Dano Agudo","Produto Perigoso ao Meio Ambiente"
27021,93,"Amylo-X SL; Bacilo-X;","Mitsui & Co (Brasil) S.A.","Bactericida Microbiológico/Fungicida microbiológico","Categoria 5  Produto Improvável de Causar Dano Agudo","Produto Pouco Perigoso ao Meio Ambiente"
34321,99,AmyloTrop,"Cooperativa Mista de Desenvolvimento do Agronegócio/COMDEAGRO - Primavera do Leste/MT","Nematicida Microbiológico","Categoria 5  Produto Improvável de Causar Dano Agudo","Produto Pouco Perigoso ao Meio Ambiente"
3705,100,"Ancosar 720; Anzo 720; Mansar 720; Defensar 720;","Ancom do Brasil Ltda.",Herbicida,"Categoria 4  Produto Pouco Tóxico","Produto Perigoso ao Meio Ambiente"
32917,101,"Andril Prime","Basf S.A.  São Paulo","Nematicida Microbiológico","Não Classificado - Produto Não Classificado","Produto Pouco Perigoso ao Meio Ambiente"
26816,102,"Animus; Tacap;","UPL do Brasil Indústria e Comércio de Insumos Agropecuários S.A. - Matriz Ituverava/SP ","Bactericida Microbiológico/Fungicida microbiológico/Nematicida Microbiológico","Não Classificado - Produto Não Classificado","Produto Pouco Perigoso ao Meio Ambiente"
26626,103,Aniso,"Biota Innovations Industria e Comercio de Bioprodutos Ltda  Uberaba/MG","Inseticida Microbiológico","Categoria 5  Produto Improvável de Causar Dano Agudo","Produto Pouco Perigoso ao Meio Ambiente"
18221,104,"Ankara 350 SC","ANASAC Brasil Comercio e Locação de Máquinas Ltda.",Inseticida,"Categoria 3  Produto Moderadamente Tóxico","Produto Muito Perigoso ao Meio Ambiente"
34618,91,Ankor,"Syngenta Proteção de Cultivos Ltda.  São Paulo/SP",Inseticida,"Categoria 4  Produto Pouco Tóxico","Produto Altamente Perigoso ao Meio Ambiente"
17326,8,Anolinex,"Rainbow Defensivos Agrícolas Ltda.- Porto Alegre /RS ",Herbicida,"Categoria 4  Produto Pouco Tóxico","Produto Perigoso ao Meio Ambiente"
12724,105,Ansip-G,"Lytone Brasil Comércio de Defensivos Agrícolas Ltda","Regulador de Crescimento","Categoria 5  Produto Improvável de Causar Dano Agudo","Produto Pouco Perigoso ao Meio Ambiente"
901,106,"Antracol 700 WP","Bayer S.A. - São Paulo/ SP",Fungicida,"Categoria 5  Produto Improvável de Causar Dano Agudo","Produto Pouco Perigoso ao Meio Ambiente"
26023,107,"Apaleo; Verso; Maplee; Majestuoso; Octagon; Pequim 1000 EC; Storeforce;","Agro-Lead Brasil Assessoria em Produtos Agrícolas Ltda - EPP",Acaricida/Inseticida,"Categoria 4  Produto Pouco Tóxico","Produto Muito Perigoso ao Meio Ambiente"
18423,108,Apice,"Iharabras S.A. Indústria Químicas - Sorocaba",Herbicida,"Categoria 5  Produto Improvável de Causar Dano Agudo","Produto Muito Perigoso ao Meio Ambiente"
9822,109,Aplic,"Bayer S.A. - São Paulo/ SP","Regulador de Crescimento","Não Classificado - Produto Não Classificado","Produto Perigoso ao Meio Ambiente"
12309,19,"Appalus 200 SC","Albaugh Agro Brasil Ltda.- São Paulo",Inseticida,"Categoria 5  Produto Improvável de Causar Dano Agudo","Produto Perigoso ao Meio Ambiente"
4097,110,"Applaud 250","Nichino do Brasil Agroquimicos Ltda. ","Inseticida/Regulador de Crescimento","Categoria 5  Produto Improvável de Causar Dano Agudo","Produto Perigoso ao Meio Ambiente"
11516,61,Approve,"Iharabras S.A. Indústria Químicas - Sorocaba",Fungicida,"Não Classificado - Produto Não Classificado","Produto Muito Perigoso ao Meio Ambiente"
8522,42,"Apresa; Adama Apresa; 42g/l Flumioxazin+840 g/l S-metolachlor Od;","Adama Brasil S.A.- Londrina/PR",Herbicida,"Categoria 5  Produto Improvável de Causar Dano Agudo","Produto Muito Perigoso ao Meio Ambiente"
9107,31,"Aproach Max","CTVA Proteção de Cultivos Ltda - Barueri (Tamboré)",Fungicida,"Categoria 5  Produto Improvável de Causar Dano Agudo","Produto Muito Perigoso ao Meio Ambiente"
13420,31,"Aproach Power ","CTVA Proteção de Cultivos Ltda - Barueri (Tamboré)",Fungicida,"Categoria 4  Produto Pouco Tóxico","Produto Altamente Perigoso ao Meio Ambiente"
23820,31,"Aproach Power BR","CTVA Proteção de Cultivos Ltda - Barueri (Tamboré)",Fungicida,"Categoria 4  Produto Pouco Tóxico","Produto Altamente Perigoso ao Meio Ambiente"
3124,31,"Aproach Premium","Oxiquímica Agrociência Ltda",Bactericida/Fungicida,"Categoria 5  Produto Improvável de Causar Dano Agudo","Produto Muito Perigoso ao Meio Ambiente"
4007,111,"Apron RFC","Syngenta Proteção de Cultivos Ltda.  São Paulo/SP",Fungicida,"Categoria 5  Produto Improvável de Causar Dano Agudo","Produto Muito Perigoso ao Meio Ambiente"
8515,17,"Aptika ","Syngenta Proteção de Cultivos Ltda.  São Paulo/SP",Inseticida,"Categoria 4  Produto Pouco Tóxico","Produto Muito Perigoso ao Meio Ambiente"
24618,112,Aptur-PF,"Agrobiológica Soluções Naturais Ltda - Leme/SP","Inseticida Microbiológico","Categoria 5  Produto Improvável de Causar Dano Agudo","Produto Pouco Perigoso ao Meio Ambiente"
54125,113,"Apure 500 WG ","Cropchem Ltda - Porto Alegre",Inseticida,"Categoria 5  Produto Improvável de Causar Dano Agudo","Produto Pouco Perigoso ao Meio Ambiente"
2303,12,"Aquila - Cancelado","FMC Química do Brasil Ltda. - Campinas/SP",Inseticida,"Categoria 5  Produto Improvável de Causar Dano Agudo","Produto Muito Perigoso ao Meio Ambiente"
20020,65,Araddo,"Adama Brasil S.A.- Londrina/PR",Herbicida,"Categoria 5  Produto Improvável de Causar Dano Agudo","Produto Perigoso ao Meio Ambiente"
1720,103,Aradya,"Genica Inovação Biotecnologica S.A.. - Planta 2/Piracicaba/SP","Inseticida Microbiológico","Categoria 5  Produto Improvável de Causar Dano Agudo","Produto Pouco Perigoso ao Meio Ambiente"
26824,114,"Arapoty; Glifosino 720 WG; Glifosino 720 WG Cropdefend; ","Sinochem Agro do Brasil Ltda. ",Herbicida,"Categoria 5  Produto Improvável de Causar Dano Agudo","Produto Perigoso ao Meio Ambiente"
27326,115,"Arbalest 200 SC","Biorisk - Assessoria e Comércio de Produtos Agrícolas Ltda.",Inseticida,"Categoria 5  Produto Improvável de Causar Dano Agudo","Produto Muito Perigoso ao Meio Ambiente"
8822,116,"Arbust; Moicano; Bark; ","Ouro Fino Química S.A. - Uberaba",Herbicida,"Categoria 4  Produto Pouco Tóxico","Produto Muito Perigoso ao Meio Ambiente"
25625,104,Arcade,"Agro-Lead Brasil Assessoria em Produtos Agrícolas Ltda - EPP",Inseticida,"Categoria 3  Produto Moderadamente Tóxico","Produto Perigoso ao Meio Ambiente"
8511,117,Arcadia,"Adama Brasil S.A.- Londrina/PR",Fungicida,"Categoria 5  Produto Improvável de Causar Dano Agudo","Produto Muito Perigoso ao Meio Ambiente"
35423,10,Arcalis,"ALTA - America Latina Tecnologia Agrícola Ltda.- Curitiba",Herbicida,"Categoria 4  Produto Pouco Tóxico","Produto Perigoso ao Meio Ambiente"
12123,118,Arcar,"Agriconnection Importadora e Exportadora de Insumos Agrícolas - Barueri/SP",Inseticida,"Categoria 5  Produto Improvável de Causar Dano Agudo","Produto Muito Perigoso ao Meio Ambiente"
26223,119,Arceus,"Tecnomyl Brasil Distribuidora de Produtos Agrícolas Ltda - Foz do Iguaçu",Formicida/Inseticida,"Categoria 4  Produto Pouco Tóxico","Produto Muito Perigoso ao Meio Ambiente"
16407,4,Arena,"Globachem Proteção de Cultivos do Brasil Ltda. - Campinas/SP",Herbicida,"Categoria 4  Produto Pouco Tóxico","Produto Perigoso ao Meio Ambiente"
4605,64,"Argenfrut RV","Gulf Oil do Brasil Ltda - Iperó/SP",Fungicida/Inseticida,"Categoria 5  Produto Improvável de Causar Dano Agudo","Produto Perigoso ao Meio Ambiente"
12824,120,Argos,"Helm do Brasil Mercantil - São Paulo/SP",Herbicida,"Categoria 5  Produto Improvável de Causar Dano Agudo","Produto Perigoso ao Meio Ambiente"
9407,35,"Ariete; Lucro;","Albaugh Agro Brasil Ltda.- São Paulo",Acaricida/Inseticida,"Categoria 4  Produto Pouco Tóxico","Produto Perigoso ao Meio Ambiente"
39525,121,Arizium,"Genica Inovação Biotecnologica S.A.. - Planta 2/Piracicaba/SP","Fungicida microbiológico","Não Classificado - Produto Não Classificado","Produto Pouco Perigoso ao Meio Ambiente"
26520,40,Arizona,"Zhongshan Química do Brasil - Sorocaba/SP",Herbicida,"Categoria 5  Produto Improvável de Causar Dano Agudo","Produto Muito Perigoso ao Meio Ambiente"
6723,18,"Arkeiro Nortox","Nortox S.A. - Arapongas",Herbicida,"Categoria 5  Produto Improvável de Causar Dano Agudo","Produto Perigoso ao Meio Ambiente"
7226,122,"Arlequin; Arlequin 240 SC; Metoxifenozida Oxon 240 SC; Metoxifenozida Oxon 240 SC I; Metoxifenozida Oxon 240 SC II; Metoxifenozida Oxon 240 SC III","Oxon Brasil Defensivos Agrícolas Ltda.",Inseticida,"Categoria 5  Produto Improvável de Causar Dano Agudo","Produto Perigoso ao Meio Ambiente"
27325,15,Armatto,"Genica Inovação Biotecnologica S.A.. - Planta 2/Piracicaba/SP","Inseticida Microbiológico","Categoria 5  Produto Improvável de Causar Dano Agudo","Produto Pouco Perigoso ao Meio Ambiente"
12624,78,Armero,"Adama Brasil S.A.- Londrina/PR",Fungicida,"Categoria 4  Produto Pouco Tóxico","Produto Muito Perigoso ao Meio Ambiente"
22021,78,"Armero BR","Adama Brasil S.A.- Londrina/PR",Fungicida,"Categoria 4  Produto Pouco Tóxico","Produto Muito Perigoso ao Meio Ambiente"
7815,123,Armigen,"Agbitech Controles Biológicos Ltda","Inseticida Microbiológico","Não Classificado - Produto Não Classificado","Produto Pouco Perigoso ao Meio Ambiente"
523,81,"Arpo 800 WG","Solus do Brasil Ltda. - Apucarana/PR- Parque Industrial ",Cupinicida/Formicida/Inseticida,"Categoria 3  Produto Moderadamente Tóxico","Produto Muito Perigoso ao Meio Ambiente"
31417,124,Arrange,"CTVA Proteção de Cultivos Ltda - Barueri (Tamboré)",Herbicida,"Categoria 4  Produto Pouco Tóxico","Produto Perigoso ao Meio Ambiente"
19925,8,"Arrantool; Guzerá; Nelore","Rainbow Defensivos Agrícolas Ltda.- Porto Alegre /RS ",Herbicida,"Categoria 4  Produto Pouco Tóxico","Produto Perigoso ao Meio Ambiente"
3815,9,"Arreio Cana; Tayta 160 ME;","Adama Brasil S.A.- Londrina/PR",Herbicida,"Categoria 5  Produto Improvável de Causar Dano Agudo","Produto Muito Perigoso ao Meio Ambiente"
5515,9,"Arreio; Arreio Pasto;","Adama Brasil S.A.- Londrina/PR",Herbicida,"Categoria 5  Produto Improvável de Causar Dano Agudo","Produto Muito Perigoso ao Meio Ambiente"
24420,9,Arremate,"Adama Brasil S.A.- Londrina/PR",Herbicida,"Categoria 4  Produto Pouco Tóxico","Produto Muito Perigoso ao Meio Ambiente"
15626,125,Arriégua,"VSF Agricultura Sustentável e Comércio Ltda  Petrolina/PE","Fungicida microbiológico","Categoria 5  Produto Improvável de Causar Dano Agudo","Produto Pouco Perigoso ao Meio Ambiente"
11707,126,Arrow,"Nortox S.A. - Arapongas",Herbicida,"Categoria 5  Produto Improvável de Causar Dano Agudo","Produto Muito Perigoso ao Meio Ambiente"
200,92,Artea,"Syngenta Proteção de Cultivos Ltda.  São Paulo/SP",Fungicida,"Categoria 5  Produto Improvável de Causar Dano Agudo","Produto Muito Perigoso ao Meio Ambiente"
10521,45,Artech,"Ouro Fino Química S.A. - Uberaba",Fungicida,"Categoria 4  Produto Pouco Tóxico","Produto Perigoso ao Meio Ambiente"
13408,4,Artys,"UPL do Brasil Indústria e Comércio de Insumos Agropecuários S.A. - Matriz Ituverava/SP ",Herbicida,"Categoria 5  Produto Improvável de Causar Dano Agudo","Produto Muito Perigoso ao Meio Ambiente"
3221,127,Arvatico,"Syngenta Proteção de Cultivos Ltda.  São Paulo/SP","Fungicida microbiológico/Nematicida Microbiológico","Categoria 5  Produto Improvável de Causar Dano Agudo","Produto Pouco Perigoso ao Meio Ambiente"
29525,128,"Arvatico Ultra","Syngenta Proteção de Cultivos Ltda.  São Paulo/SP","Fungicida microbiológico/Nematicida Microbiológico","Não Classificado - Produto Não Classificado","Produto Pouco Perigoso ao Meio Ambiente"
2726,12,"Asafat SG 7","AllierBrasil Agro Ltda.",Acaricida/Inseticida,"Categoria 4  Produto Pouco Tóxico","Produto Muito Perigoso ao Meio Ambiente"
17126,12,"Asafat SG 8","AllierBrasil Agro Ltda.",Acaricida/Inseticida,"Categoria 4  Produto Pouco Tóxico","Produto Muito Perigoso ao Meio Ambiente"
7121,12,"Asataf 750 SP","AllierBrasil Agro Ltda.",Acaricida/Inseticida,"Categoria 4  Produto Pouco Tóxico","Produto Muito Perigoso ao Meio Ambiente"
51525,12,"Asataf 970 SG","AllierBrasil Agro Ltda.",Acaricida/Inseticida,"Categoria 4  Produto Pouco Tóxico","Produto Muito Perigoso ao Meio Ambiente"
8723,43,"Asbelto Pro","Ascenza Brasil Ltda - Hortolândia/SP",Fungicida,"Categoria 5  Produto Improvável de Causar Dano Agudo","Produto Muito Perigoso ao Meio Ambiente"
21921,61,"Asgard 500 SC","Crystal Agro Ltda",Fungicida,"Categoria 5  Produto Improvável de Causar Dano Agudo","Produto Perigoso ao Meio Ambiente"
23121,30,"Aslan SL","Cropchem Ltda - Porto Alegre",Inseticida,"Categoria 4  Produto Pouco Tóxico","Produto Altamente Perigoso ao Meio Ambiente"
42824,129,"Aspemax ","Cooperativa Mista de Desenvolvimento do Agronegócio/COMDEAGRO - Campo Verde/MT","Fungicida microbiológico","Categoria 5  Produto Improvável de Causar Dano Agudo","Produto Pouco Perigoso ao Meio Ambiente"
31618,130,Assaris,"Sinon do Brasil Ltda. - Porto Alegre /RS.",Inseticida,"Categoria 3  Produto Moderadamente Tóxico","Produto Muito Perigoso ao Meio Ambiente"
21020,15,"Assertive; Duotrix;","Agrobiológica Sustentabilidade S.A. - Filial","Inseticida Microbiológico","Categoria 5  Produto Improvável de Causar Dano Agudo","Produto Pouco Perigoso ao Meio Ambiente"
6894,131,"Atabron 50 EC","ISK Biosciences do Brasil Defensivos Agricolas Ltda",Inseticida,"Categoria 5  Produto Improvável de Causar Dano Agudo","Produto Muito Perigoso ao Meio Ambiente"
25521,131,"Atabron Ultra","ISK Biosciences do Brasil Defensivos Agricolas Ltda",Inseticida,"Categoria 5  Produto Improvável de Causar Dano Agudo","Produto Muito Perigoso ao Meio Ambiente"
23718,23,Atak,"Prentiss Química Ltda. - Campo Largo/PR",Fungicida,"Categoria 3  Produto Moderadamente Tóxico","Produto Muito Perigoso ao Meio Ambiente"
8121,102,"Ataplan; Aratel; ","FMC Química do Brasil Ltda. - Campinas/SP","Fungicida microbiológico","Categoria 5  Produto Improvável de Causar Dano Agudo","Produto Pouco Perigoso ao Meio Ambiente"
4916,132,Atectra,"Basf S.A.  São Paulo",Herbicida,"Não Classificado - Produto Não Classificado","Produto Perigoso ao Meio Ambiente"
8120,132,"Atectra SL","Basf S.A.  São Paulo",Herbicida,"Categoria 5  Produto Improvável de Causar Dano Agudo","Produto Perigoso ao Meio Ambiente"
18820,133,"Atento 500 FS","Bayer S.A. - São Paulo/ SP",Fungicida,"Categoria 3  Produto Moderadamente Tóxico","Produto Perigoso ao Meio Ambiente"
14825,134,Aterix,"Rizobacter do Brasil Ltda ","Fungicida microbiológico","Não Classificado - Produto Não Classificado","Produto Pouco Perigoso ao Meio Ambiente"
5224,97,"Atesalor Xtra ","Rainbow Defensivos Agrícolas Ltda.- Porto Alegre /RS ",Herbicida,"Categoria 5  Produto Improvável de Causar Dano Agudo","Produto Perigoso ao Meio Ambiente"
11223,135,"Atexzo ANT-F","Syngenta Proteção de Cultivos Ltda.  São Paulo/SP",Inseticida,"Categoria 5  Produto Improvável de Causar Dano Agudo","Produto Muito Perigoso ao Meio Ambiente"
40619,136,"Atialy; Lilatrix;","Agrobiológica Sustentabilidade S.A. - Filial","Nematicida Microbiológico","Não Classificado - Produto Não Classificado","Produto Pouco Perigoso ao Meio Ambiente"
45625,71,Atinge,"Oxiquímica Agrociência Ltda",Inseticida,"Categoria 5  Produto Improvável de Causar Dano Agudo","Produto Pouco Perigoso ao Meio Ambiente"
11216,25,Ativum,"Basf Agricultural Solutions Brasil Ltda  São Paulo/SP",Fungicida,"Categoria 4  Produto Pouco Tóxico","Produto Muito Perigoso ao Meio Ambiente"
24925,40,"Atol Trio","Globachem Proteção de Cultivos do Brasil Ltda. - Campinas/SP",Herbicida,"Categoria 4  Produto Pouco Tóxico","Produto Muito Perigoso ao Meio Ambiente"
16107,137,Atom,"SM Agrocare Brasil Importação Comércio e Serviços Agrícolas Ltda",Inseticida,"Categoria 5  Produto Improvável de Causar Dano Agudo","Produto Muito Perigoso ao Meio Ambiente"
5017,40,"Atraer WG; Atradry Xtra; Atrapax Xtra; Atraking Xtra; Atrabest Xtra; Rezim Xtra; Rezina Xtra; ","Rainbow Defensivos Agrícolas Ltda.- Porto Alegre /RS ",Herbicida,"Categoria 5  Produto Improvável de Causar Dano Agudo","Produto Muito Perigoso ao Meio Ambiente"
30122,40,Atraforce,"Zhongshan Química do Brasil - Sorocaba/SP",Herbicida,"Categoria 5  Produto Improvável de Causar Dano Agudo","Produto Muito Perigoso ao Meio Ambiente"
26019,40,Atramax,"Jubailireg Brasil Ltda - São Paulo/SP",Herbicida,"Categoria 5  Produto Improvável de Causar Dano Agudo","Produto Muito Perigoso ao Meio Ambiente"
2396,40,"Atrasimex 500 SC","Adama Brasil S.A.- Londrina/PR",Herbicida,"Categoria 5  Produto Improvável de Causar Dano Agudo","Produto Muito Perigoso ao Meio Ambiente"
521,40,"Atrazina 250 + Simazina 250 SC CCAB","CCAB Agro S.A.   São Paulo",Herbicida,"Categoria 5  Produto Improvável de Causar Dano Agudo","Produto Perigoso ao Meio Ambiente"
17918,40,"Atrazina 500 SC Alamos; Atrazina 500 SC Crotect; Jubaili Atramax;","Crotect Crop Science Ltda - São Paulo/SP",Herbicida,"Categoria 4  Produto Pouco Tóxico","Produto Muito Perigoso ao Meio Ambiente"
8321,40,"Atrazina 500 SC CCAB","CCAB Agro S.A.   São Paulo",Herbicida,"Categoria 4  Produto Pouco Tóxico","Produto Muito Perigoso ao Meio Ambiente"
10018,40,"Atrazina 500 SC Rainbow; Atrak; Atrabest; Atradry; Antera; ","Rainbow Defensivos Agrícolas Ltda.- Porto Alegre /RS ",Herbicida,"Categoria 4  Produto Pouco Tóxico","Produto Muito Perigoso ao Meio Ambiente"
12920,40,"Atrazina 900 WG Alamos; Atrazina 900 WG Crotect;","Crotect Crop Science Ltda - São Paulo/SP",Herbicida,"Categoria 5  Produto Improvável de Causar Dano Agudo","Produto Muito Perigoso ao Meio Ambiente"
1726,40,"Atrazina 900 WG B2","Perterra Insumos Agropecuários S.A.  São Paulo/SP",Herbicida,"Categoria 5  Produto Improvável de Causar Dano Agudo","Produto Muito Perigoso ao Meio Ambiente"
19725,40,"Atrazina 900 WG Binnong; Atrazina 900 Somax","Inovatis Agronegocios Importação e Exportação Ltda.",Herbicida,"Categoria 4  Produto Pouco Tóxico","Produto Muito Perigoso ao Meio Ambiente"
5526,40,"Atrazina 900 WG Eagrow","Biorisk - Assessoria e Comércio de Produtos Agrícolas Ltda.",Herbicida,"Categoria 5  Produto Improvável de Causar Dano Agudo","Produto Muito Perigoso ao Meio Ambiente"
6521,40,"Atrazina 900 WG Fersol","Ameribrás Indústria e Comércio Ltda.",Herbicida,"Categoria 5  Produto Improvável de Causar Dano Agudo","Produto Muito Perigoso ao Meio Ambiente"
32124,40,"Atrazina 900 WG Perterra","Perterra Insumos Agropecuários S.A.  São Paulo/SP",Herbicida,"Categoria 5  Produto Improvável de Causar Dano Agudo","Produto Muito Perigoso ao Meio Ambiente"
27421,40,"Atrazina 900 WG Solus","Solus do Brasil Ltda. - Apucarana/PR- Parque Industrial ",Herbicida,"Categoria 5  Produto Improvável de Causar Dano Agudo","Produto Muito Perigoso ao Meio Ambiente"
9019,40,"Atrazina Agro Import","Agro Import do Brasil Ltda. - Porto Alegre/RS",Herbicida,"Categoria 5  Produto Improvável de Causar Dano Agudo","Produto Muito Perigoso ao Meio Ambiente"
9519,40,"Atrazina CCAB 500 SC","CCAB Agro S.A.   São Paulo",Herbicida,"Categoria 4  Produto Pouco Tóxico","Produto Muito Perigoso ao Meio Ambiente"
10319,40,"Atrazina Fersol 500 SC; Atraforce 500 SC;","Ameribrás Indústria e Comércio Ltda.",Herbicida,"Categoria 3  Produto Moderadamente Tóxico","Produto Muito Perigoso ao Meio Ambiente"
25021,40,"Atrazina Max CHDS","CHDS do Brasil Comércio de Insumos Agrícolas Ltda - São Miguel do Iguaçu/PR   ",Herbicida,"Categoria 5  Produto Improvável de Causar Dano Agudo","Produto Muito Perigoso ao Meio Ambiente"
8818,40,"Atrazina Max Nortox ","Nortox S.A. - Arapongas",Herbicida,"Categoria 4  Produto Pouco Tóxico","Produto Muito Perigoso ao Meio Ambiente"
596,40,"Atrazina Nortox 500 SC","Nortox S.A. - Arapongas",Herbicida,"Categoria 5  Produto Improvável de Causar Dano Agudo","Produto Muito Perigoso ao Meio Ambiente"
10425,40,"Atrazina Nortox SC","Nortox S.A. - Arapongas",Herbicida,"Categoria 5  Produto Improvável de Causar Dano Agudo","Produto Muito Perigoso ao Meio Ambiente"
31818,40,"Atrazina SD 500 SC","Sharda do Brasil Comércio de Produtos Químicos e Agroquímicos LTDA",Herbicida,"Categoria 4  Produto Pouco Tóxico","Produto Muito Perigoso ao Meio Ambiente"
20325,40,"Atrazine 500 Sino-Agri","Inovatis Agronegocios Importação e Exportação Ltda.",Herbicida,"Categoria 5  Produto Improvável de Causar Dano Agudo","Produto Muito Perigoso ao Meio Ambiente"
12126,115,Atreus,"Adama Brasil S.A.- Londrina/PR",Inseticida,"Categoria 5  Produto Improvável de Causar Dano Agudo","Produto Altamente Perigoso ao Meio Ambiente"
32217,15,Atrevido,"Koppert do Brasil Holding S.A. - Piracicaba/SP ","Acaricida Microbiológico/Inseticida Microbiológico","Categoria 5  Produto Improvável de Causar Dano Agudo","Produto Pouco Perigoso ao Meio Ambiente"
9426,10,Atrivo,"Tecnomyl Brasil Distribuidora de Produtos Agrícolas Ltda - Foz do Iguaçu",Herbicida,"Categoria 3  Produto Moderadamente Tóxico","Produto Perigoso ao Meio Ambiente"
5423,138,"Atroverde 77; T-77; ","Andermatt do Brasil Soluções Biológicas Ltda - Londrina/PR","Fungicida microbiológico","Não Classificado - Produto Não Classificado","Produto Pouco Perigoso ao Meio Ambiente"
15408,139,Attic,"FMC Química do Brasil Ltda. - Campinas/SP",Fungicida,"Categoria 5  Produto Improvável de Causar Dano Agudo","Produto Perigoso ao Meio Ambiente"
36519,140,Attila,"Bayer S.A. - São Paulo/ SP",Fungicida,"Categoria 5  Produto Improvável de Causar Dano Agudo","Produto Perigoso ao Meio Ambiente"
9522,81,Attinix,"Environmental Science do Brasil Ltda. São Paulo/SP (CNPJ 45.698.161/0001-39)",Cupinicida/Inseticida,"Categoria 3  Produto Moderadamente Tóxico","Produto Muito Perigoso ao Meio Ambiente"
21216,4,"Atulamina 806 SL","AllierBrasil Agro Ltda.",Herbicida,"Categoria 4  Produto Pouco Tóxico","Produto Perigoso ao Meio Ambiente"
20923,141,"Auba; Teros;","Nooa Ciencia e Tecnologia Agricola Ltda","Nematicida Microbiológico","Categoria 5  Produto Improvável de Causar Dano Agudo","Produto Pouco Perigoso ao Meio Ambiente"
15523,142,Audace,"ALTA - America Latina Tecnologia Agrícola Ltda.- Curitiba",Herbicida,"Categoria 4  Produto Pouco Tóxico","Produto Perigoso ao Meio Ambiente"
36919,143,Audaz,"Oxiquímica Agrociência Ltda",Bactericida/Fungicida,"Categoria 4  Produto Pouco Tóxico","Produto Muito Perigoso ao Meio Ambiente"
12008,76,Auge,"Oxiquímica Agrociência Ltda",Fungicida,"Categoria 5  Produto Improvável de Causar Dano Agudo","Produto Perigoso ao Meio Ambiente"
4021,24,Augory,"Syngenta Proteção de Cultivos Ltda.  São Paulo/SP",Acaricida/Inseticida/Nematicida,"Categoria 1  Produto Extremamente Tóxico","Produto Muito Perigoso ao Meio Ambiente"
14324,15,Auin,"Agrivalle Brasil Indústria e Comércio de Produtos Agrícolas S.A.  Indaiatuba/SP ","Acaricida Microbiológico/Inseticida Microbiológico","Categoria 5  Produto Improvável de Causar Dano Agudo","Produto Pouco Perigoso ao Meio Ambiente"
26918,144,"Auin CE","Agrivalle Brasil Indústria e Comércio de Produtos Agrícolas S.A.  Indaiatuba/SP ","Inseticida Microbiológico","Categoria 5  Produto Improvável de Causar Dano Agudo","Produto Pouco Perigoso ao Meio Ambiente"
24720,144,"Auin Ce-A; Vitanica Bug Protect; Biogreat; Goveria; ","Massen Produtos Biologicos S.A. - Indaiatuba/SP","Inseticida Microbiológico","Categoria 5  Produto Improvável de Causar Dano Agudo","Produto Pouco Perigoso ao Meio Ambiente"
27716,15,"Auin WP","Agrivalle Brasil Indústria e Comércio de Produtos Agrícolas S.A.  Indaiatuba/SP ","Acaricida Microbiológico/Inseticida Microbiológico","Categoria 5  Produto Improvável de Causar Dano Agudo","Produto Pouco Perigoso ao Meio Ambiente"
7720,143,"Aumenax; Perenion; Cadac; ","Oxiquímica Agrociência Ltda",Bactericida/Fungicida,"Categoria 4  Produto Pouco Tóxico","Produto Muito Perigoso ao Meio Ambiente"
7107,145,"Aura 200","Basf S.A.  São Paulo",Herbicida,"Categoria 5  Produto Improvável de Causar Dano Agudo","Produto Muito Perigoso ao Meio Ambiente"
10706,58,Aurora,"FMC Química do Brasil Ltda. - Campinas/SP",Herbicida,"Categoria 5  Produto Improvável de Causar Dano Agudo","Produto Muito Perigoso ao Meio Ambiente"
4900,58,"Aurora 400 EC; Coverge 400 EC; Platform 400 EC;","FMC Química do Brasil Ltda. - Campinas/SP",Herbicida,"Categoria 5  Produto Improvável de Causar Dano Agudo","Produto Muito Perigoso ao Meio Ambiente"
15723,42,Australis,"Albaugh Agro Brasil Ltda.- São Paulo",Herbicida,"Categoria 5  Produto Improvável de Causar Dano Agudo","Produto Muito Perigoso ao Meio Ambiente"
8212,45,Authority,"FMC Química do Brasil Ltda. - Campinas/SP",Fungicida,"Categoria 5  Produto Improvável de Causar Dano Agudo","Produto Muito Perigoso ao Meio Ambiente"
21717,30,AutênticoBR,"Ouro Fino Química S.A. - Uberaba",Inseticida,"Categoria 4  Produto Pouco Tóxico","Produto Muito Perigoso ao Meio Ambiente"
28326,146,Avanta,"ISK Biosciences do Brasil Defensivos Agricolas Ltda",Fungicida,"Categoria 5  Produto Improvável de Causar Dano Agudo","Produto Muito Perigoso ao Meio Ambiente"
8526,75,"Avaraan Indofil","Indofil Industries do Brasil Ltda.",Fungicida,"Categoria 5  Produto Improvável de Causar Dano Agudo","Produto Muito Perigoso ao Meio Ambiente"
45825,31,Avaris,"ALTA - America Latina Tecnologia Agrícola Ltda.- Curitiba",Fungicida,"Categoria 5  Produto Improvável de Causar Dano Agudo","Produto Muito Perigoso ao Meio Ambiente"
16126,15,"Avast Plus","J. A. Moura Goncalves Fertilizantes Ltda- Filial","Inseticida Microbiológico","Categoria 5  Produto Improvável de Causar Dano Agudo","Produto Pouco Perigoso ao Meio Ambiente"
1415,119,Avatar,"FMC Química do Brasil Ltda. - Campinas/SP",Inseticida,"Categoria 4  Produto Pouco Tóxico","Produto Perigoso ao Meio Ambiente"
3400,119,"Avatar Evo","FMC Química do Brasil Ltda. - Campinas/SP",Inseticida,"Categoria 4  Produto Pouco Tóxico","Produto Perigoso ao Meio Ambiente"
19122,28,Avenca,"Agriconnection Importadora e Exportadora de Insumos Agrícolas - Barueri/SP",Fungicida,"Categoria 5  Produto Improvável de Causar Dano Agudo","Produto Perigoso ao Meio Ambiente"
12320,93,"Aveo EZ; Streat;","Sumitomo Chemical Brasil Indústria Química S.A. - Maracanaú/CE","Nematicida Microbiológico","Categoria 5  Produto Improvável de Causar Dano Agudo","Produto Pouco Perigoso ao Meio Ambiente"
48025,147,"Aveo SC; Loyalty SC e Streat SC","Sumitomo Chemical Brasil Indústria Química S.A. - Maracanaú/CE","Nematicida Microbiológico","Categoria 5  Produto Improvável de Causar Dano Agudo","Produto Pouco Perigoso ao Meio Ambiente"
37125,147,"Aveo ST","Sumitomo Chemical Brasil Indústria Química S.A. - São Paulo/SP","Nematicida Microbiológico","Categoria 5  Produto Improvável de Causar Dano Agudo","Produto Pouco Perigoso ao Meio Ambiente"
29321,45,Avert,"Tecnomyl Brasil Distribuidora de Produtos Agrícolas Ltda - Foz do Iguaçu",Fungicida,"Categoria 4  Produto Pouco Tóxico","Produto Muito Perigoso ao Meio Ambiente"
29524,45,"Avert Max; Clorotalonil 400 + Ciproconazol 25 + Azoxistrobina 30 SC Tecnomyl; Clorotalonil 400 + Ciproconazol 25 + Azoxistrobina 30 SC Tecnomyl I; Clorotalonil 400 + Ciproconazol 25 + Azoxistrobina 30 SC Tecnomyl II; Clorotalonil 400 + Ciproconazol 25 + Azoxistrobina 30 SC Tecnomyl III","Tecnomyl Brasil Distribuidora de Produtos Agrícolas Ltda - Foz do Iguaçu",Fungicida,"Categoria 2  Produto Altamente Tóxico","Produto Muito Perigoso ao Meio Ambiente"
14514,27,"Avguron Extra SC","Avgust Crop Protection Importação e Exportação Ltda.",Herbicida,"Categoria 5  Produto Improvável de Causar Dano Agudo","Produto Muito Perigoso ao Meio Ambiente"
1220,45,"Aviate 250 SC","Sinochem Agro do Brasil Ltda. ",Fungicida,"Categoria 5  Produto Improvável de Causar Dano Agudo","Produto Perigoso ao Meio Ambiente"
20107,24,"Avicta 500 FS","Syngenta Proteção de Cultivos Ltda.  São Paulo/SP",Inseticida/Nematicida,"Categoria 1  Produto Extremamente Tóxico","Produto Muito Perigoso ao Meio Ambiente"
2219,24,"Avicta 500 FS Pro","Syngenta Proteção de Cultivos Ltda.  São Paulo/SP",Inseticida/Nematicida,"Categoria 1  Produto Extremamente Tóxico","Produto Muito Perigoso ao Meio Ambiente"
29724,148,"Avizon; Avizon BR","FMC Química do Brasil Ltda. - Campinas/SP","Nematicida Microbiológico","Categoria 5  Produto Improvável de Causar Dano Agudo","Produto Pouco Perigoso ao Meio Ambiente"
13125,59,"Avner 500 SC","Cropchem Ltda - Porto Alegre",Acaricida/Inseticida,"Categoria 4  Produto Pouco Tóxico","Produto Perigoso ao Meio Ambiente"
37022,28,"Avorio Top","Oxon Brasil Defensivos Agrícolas Ltda.",Fungicida,"Categoria 3  Produto Moderadamente Tóxico","Produto Muito Perigoso ao Meio Ambiente"
38218,45,Avura,"Syngenta Proteção de Cultivos Ltda.  São Paulo/SP",Fungicida,"Categoria 5  Produto Improvável de Causar Dano Agudo","Produto Muito Perigoso ao Meio Ambiente"
36122,90,Axial,"Syngenta Proteção de Cultivos Ltda.  São Paulo/SP",Herbicida,"Categoria 5  Produto Improvável de Causar Dano Agudo","Produto Perigoso ao Meio Ambiente"
8125,90,"Axial EC","Syngenta Proteção de Cultivos Ltda.  São Paulo/SP",Herbicida,"Categoria 4  Produto Pouco Tóxico","Produto Perigoso ao Meio Ambiente"
8015,72,"Azact CE","Lacsa Agronegócios Ltda  Cravinhos/SP",Fungicida/Inseticida,"Categoria 5  Produto Improvável de Causar Dano Agudo","Produto Pouco Perigoso ao Meio Ambiente"
14807,72,Azamax,"UPL do Brasil Indústria e Comércio de Insumos Agropecuários S.A. - Matriz Ituverava/SP ",Inseticida,"Categoria 5  Produto Improvável de Causar Dano Agudo","Produto Pouco Perigoso ao Meio Ambiente"
13921,9,"Azbany ","Rainbow Defensivos Agrícolas Ltda.- Porto Alegre /RS ",Herbicida,"Categoria 5  Produto Improvável de Causar Dano Agudo","Produto Perigoso ao Meio Ambiente"
25924,9,"Azbany Maxx","Sumitomo Chemical Brasil Indústria Química S.A. - Maracanaú/CE",Herbicida,"Categoria 5  Produto Improvável de Causar Dano Agudo","Produto Perigoso ao Meio Ambiente"
20617,45,"Azimut Supra","Adama Brasil S.A.- Londrina/PR",Fungicida,"Categoria 5  Produto Improvável de Causar Dano Agudo","Produto Muito Perigoso ao Meio Ambiente"
13612,45,"Azimut; Custodia","Adama Brasil S.A.- Londrina/PR",Fungicida,"Categoria 4  Produto Pouco Tóxico","Produto Muito Perigoso ao Meio Ambiente"
9018,149,Azir,"Adama Brasil S.A.- Londrina/PR",Nematicida,"Categoria 5  Produto Improvável de Causar Dano Agudo","Produto Perigoso ao Meio Ambiente"
46725,45,Azogro,"Coromandel Brasil Ltda.- Cotia/SP",Fungicida,"Categoria 5  Produto Improvável de Causar Dano Agudo","Produto Perigoso ao Meio Ambiente"
7618,45,"Azox 250 SC","Ascenza Brasil Ltda - Hortolândia/SP",Fungicida,"Categoria 5  Produto Improvável de Causar Dano Agudo","Produto Perigoso ao Meio Ambiente"
19622,45,"Azoxistrobin 200 + Ciproconazol 80 SC CCAB","CCAB Agro S.A.   São Paulo",Fungicida,"Categoria 4  Produto Pouco Tóxico","Produto Muito Perigoso ao Meio Ambiente"
12521,45,"Azoxistrobin 200 Ciproconazole 80 CCAB SC","CCAB Agro S.A.   São Paulo",Fungicida,"Categoria 4  Produto Pouco Tóxico","Produto Muito Perigoso ao Meio Ambiente"
23720,45,"Azoxistrobin Nortox","Nortox S.A. - Arapongas",Fungicida,"Categoria 5  Produto Improvável de Causar Dano Agudo","Produto Perigoso ao Meio Ambiente"
23526,45,"Azoxistrobina + Ciproconazol SC Albaugh 02","Albaugh Agro Brasil Ltda.- São Paulo",Fungicida,"Categoria 4  Produto Pouco Tóxico","Produto Muito Perigoso ao Meio Ambiente"
43325,45,"Azoxistrobina 120 + Tebuconazol 200 4Terra","4Terra Comércio e Representações Ltda - Piracicaba/SP",Fungicida,"Categoria 4  Produto Pouco Tóxico","Produto Muito Perigoso ao Meio Ambiente"
20926,45,"Azoxistrobina 250 SC Perterra","Perterra Insumos Agropecuários S.A.  São Paulo/SP",Fungicida,"Categoria 5  Produto Improvável de Causar Dano Agudo","Produto Perigoso ao Meio Ambiente"
48225,45,"Azoxistrobina 600 + Ciproconazol 240 WG AgroImport","Agro Import do Brasil Ltda. - Porto Alegre/RS",Fungicida,"Categoria 4  Produto Pouco Tóxico","Produto Muito Perigoso ao Meio Ambiente"
30318,45,"Azoxistrobina CCAB 250 SC","CCAB Agro S.A.   São Paulo",Fungicida,"Categoria 5  Produto Improvável de Causar Dano Agudo","Produto Muito Perigoso ao Meio Ambiente"
36621,45,"Azoxy + Cypro 280 SC Proventis","Proventis Lifescience Defensivos Agrícolas Ltda",Fungicida,"Categoria 4  Produto Pouco Tóxico","Produto Muito Perigoso ao Meio Ambiente"
4423,45,"Azoxy Yonon","Yonon Brasil Defensivos Agricolas Ltda",Fungicida,"Categoria 5  Produto Improvável de Causar Dano Agudo","Produto Perigoso ao Meio Ambiente"
6626,45,"Azoxystrobin + Difenoconazole SC Limin","Limin Biotechnology do Brasil Ltda - São Paulo/SP",Fungicida,"Categoria 5  Produto Improvável de Causar Dano Agudo","Produto Muito Perigoso ao Meio Ambiente"
2621,45,"Azoxystrobin 250 SC Proventis","Proventis Lifescience Defensivos Agrícolas Ltda",Fungicida,"Categoria 4  Produto Pouco Tóxico","Produto Muito Perigoso ao Meio Ambiente"
16522,45,"Azoxystrobin 250 SC Yonon; Jubaili TotalForce;","Yonon Brasil Defensivos Agricolas Ltda",Fungicida,"Categoria 5  Produto Improvável de Causar Dano Agudo","Produto Perigoso ao Meio Ambiente"
20425,45,"Azoxystrobin 250 g/L SC","Lemma Agronegócios Importação e Exportação Ltda.",Fungicida,"Categoria 5  Produto Improvável de Causar Dano Agudo","Produto Perigoso ao Meio Ambiente"
20625,45,"Azoxystrobin Sino-Agri 250 g/L SC","Inovatis Agronegocios Importação e Exportação Ltda.",Fungicida,"Categoria 5  Produto Improvável de Causar Dano Agudo","Produto Perigoso ao Meio Ambiente"
12323,84,Azteca,"Albaugh Agro Brasil Ltda.- São Paulo",Herbicida,"Categoria 5  Produto Improvável de Causar Dano Agudo","Produto Muito Perigoso ao Meio Ambiente"
4624,150,Azugro,"FMC Química do Brasil Ltda. - Campinas/SP",Herbicida,"Categoria 5  Produto Improvável de Causar Dano Agudo","Produto Muito Perigoso ao Meio Ambiente"
30623,59,Azure,"Albaugh Agro Brasil Ltda.- São Paulo",Acaricida/Inseticida,"Categoria 5  Produto Improvável de Causar Dano Agudo","Produto Muito Perigoso ao Meio Ambiente"
9620,105,"B.fresh; FreshVue;","Acrom Agroindustrial Ltda- Londrina/PR","Regulador de Crescimento","Categoria 5  Produto Improvável de Causar Dano Agudo","Produto Pouco Perigoso ao Meio Ambiente"
37225,151,"BAVTT 0324","Vittia S.A. - São Joaquim da Barra 01","Nematicida Microbiológico","Categoria 5  Produto Improvável de Causar Dano Agudo","Produto Pouco Perigoso ao Meio Ambiente"
9723,152,"BB-Protec, Beauvisan","Andermatt do Brasil Soluções Biológicas Ltda - Londrina/PR","Inseticida Microbiológico","Categoria 5  Produto Improvável de Causar Dano Agudo","Produto Pouco Perigoso ao Meio Ambiente"
10625,15,BF0724,"Ballagro Agro Tecnologia Ltda. - Bom Jesus dos Perdões/SP","Inseticida Microbiológico","Categoria 5  Produto Improvável de Causar Dano Agudo","Produto Pouco Perigoso ao Meio Ambiente"
10725,153,BF0824,"Ballagro Agro Tecnologia Ltda. - Bom Jesus dos Perdões/SP","Fungicida microbiológico","Categoria 5  Produto Improvável de Causar Dano Agudo","Produto Pouco Perigoso ao Meio Ambiente"
55125,154,BGT,"Gaia Agro Solutions Comércio, Importação e Exportação Ltda.- São Paulo/SP",Herbicida,"Categoria 5  Produto Improvável de Causar Dano Agudo","Produto Perigoso ao Meio Ambiente"
39124,155,BIF2023-02,"Ballagro Agro Tecnologia Ltda. - Bom Jesus dos Perdões/SP",Inseticida,"Categoria 5  Produto Improvável de Causar Dano Agudo","Produto Pouco Perigoso ao Meio Ambiente"
6320,15,"BMS MAX; movB; SB Bometrol Fresh;","Scheffer Indústria e Comércio de Biodefensivos Agrícolas Ltda - Sapezal/MT","Inseticida Microbiológico","Categoria 5  Produto Improvável de Causar Dano Agudo","Produto Pouco Perigoso ao Meio Ambiente"
35719,136,BN40.001/19,"Ballagro Agro Tecnologia Ltda. - Bom Jesus dos Perdões/SP","Nematicida Microbiológico","Categoria 5  Produto Improvável de Causar Dano Agudo","Produto Pouco Perigoso ao Meio Ambiente"
29725,156,"BNC 03; Proteva; MultiVex; DualBac; OnCeres Plus; Vester Duo; RoyalXtreme; Verde BAC Defensor;","Bem da Terra Biológicos S.A","Fungicida microbiológico","Categoria 5  Produto Improvável de Causar Dano Agudo","Produto Pouco Perigoso ao Meio Ambiente"
28820,42,"BOUNDARY EC","Syngenta Proteção de Cultivos Ltda.  São Paulo/SP",Herbicida,"Categoria 5  Produto Improvável de Causar Dano Agudo","Produto Muito Perigoso ao Meio Ambiente"
28226,157,"BPR Tricho 10/Harzitop","Biopar Produtos Biologicos do Parana LTDA","Fungicida microbiológico","Categoria 5  Produto Improvável de Causar Dano Agudo","Produto Pouco Perigoso ao Meio Ambiente"
15826,14,"BPR Tricho; Tricho H; Harzi-one","Biopar Produtos Biologicos do Parana LTDA","Fungicida microbiológico","Categoria 5  Produto Improvável de Causar Dano Agudo","Produto Pouco Perigoso ao Meio Ambiente"
42124,15,"BPT-02; Beba","B Plant Ltda","Acaricida Microbiológico/Inseticida Microbiológico","Categoria 5  Produto Improvável de Causar Dano Agudo","Produto Pouco Perigoso ao Meio Ambiente"
39824,103,"BPT-03; Mean","B Plant Ltda","Acaricida Microbiológico/Inseticida Microbiológico","Categoria 5  Produto Improvável de Causar Dano Agudo","Produto Pouco Perigoso ao Meio Ambiente"
42624,14,"BPT-04; TRHA; K-TRIKO; Glock Evolution SC; ","B Plant Ltda","Fungicida microbiológico","Categoria 5  Produto Improvável de Causar Dano Agudo","Produto Pouco Perigoso ao Meio Ambiente"
31421,36,"BT Protection ","Bioma Indústria Comércio e Distribuição Ltda - Fazenda Rio Grande/PR","Inseticida Microbiológico","Categoria 5  Produto Improvável de Causar Dano Agudo","Produto Pouco Perigoso ao Meio Ambiente"
6319,36,"BT-Turbo Max; BT-Guard; BT-Turbo; Power BAC BT; ","Vittia S.A. - São Joaquim da Barra 01","Inseticida Microbiológico","Categoria 5  Produto Improvável de Causar Dano Agudo","Produto Pouco Perigoso ao Meio Ambiente"
4816,26,BTControl,"Simbiose Biociencias S.A. ","Inseticida Microbiológico","Categoria 5  Produto Improvável de Causar Dano Agudo","Produto Pouco Perigoso ao Meio Ambiente"
29925,158,"BTP 002-18AB","Total Biotecnologia Industria e Comercio S/A - Curitiba/PR ","Nematicida Microbiológico","Categoria 5  Produto Improvável de Causar Dano Agudo","Produto Pouco Perigoso ao Meio Ambiente"
4621,159,"BTP 005-19","Koppert do Brasil Holding S.A. - Piracicaba/SP ","Fungicida microbiológico","Categoria 5  Produto Improvável de Causar Dano Agudo","Produto Pouco Perigoso ao Meio Ambiente"
42725,159,"BTP 005-19A","Total Biotecnologia Industria e Comercio S/A - Curitiba/PR ","Fungicida microbiológico","Categoria 5  Produto Improvável de Causar Dano Agudo","Produto Pouco Perigoso ao Meio Ambiente"
31022,127,"BTP 007-19","Total Biotecnologia Industria e Comercio S/A - Curitiba/PR ","Fungicida microbiológico/Nematicida Microbiológico","Categoria 5  Produto Improvável de Causar Dano Agudo","Produto Pouco Perigoso ao Meio Ambiente"
6524,160,"BTP 0159-21AB","Total Biotecnologia Industria e Comercio S/A - Curitiba/PR ","Inseticida Microbiológico","Categoria 5  Produto Improvável de Causar Dano Agudo","Produto Pouco Perigoso ao Meio Ambiente"
17723,160,"BTP 066-20 SC","Total Biotecnologia Industria e Comercio S/A - Curitiba/PR ","Inseticida Microbiológico","Categoria 5  Produto Improvável de Causar Dano Agudo","Produto Pouco Perigoso ao Meio Ambiente"
14925,161,"BTP 066-20 SC-AB","Total Biotecnologia Industria e Comercio S/A - Curitiba/PR ","Inseticida Microbiológico","Categoria 5  Produto Improvável de Causar Dano Agudo","Produto Pouco Perigoso ao Meio Ambiente"
32723,160,"BTP 066-20A SC","Total Biotecnologia Industria e Comercio S/A - Curitiba/PR ","Inseticida Microbiológico","Categoria 5  Produto Improvável de Causar Dano Agudo","Produto Pouco Perigoso ao Meio Ambiente"
44825,160,"BTP 066-20AC SC","Total Biotecnologia Industria e Comercio S/A - Curitiba/PR ","Inseticida Microbiológico","Categoria 5  Produto Improvável de Causar Dano Agudo","Produto Pouco Perigoso ao Meio Ambiente"
22025,162,"BTP 068-20SC-AB","Total Biotecnologia Industria e Comercio S/A - Curitiba/PR ","Inseticida Microbiológico","Não Classificado - Produto Não Classificado","Produto Pouco Perigoso ao Meio Ambiente"
33821,103,"BTP 076-20","Total Biotecnologia Industria e Comercio S/A - Curitiba/PR ","Inseticida Microbiológico","Categoria 5  Produto Improvável de Causar Dano Agudo","Produto Pouco Perigoso ao Meio Ambiente"
34421,15,"BTP 077-20","Total Biotecnologia Industria e Comercio S/A - Curitiba/PR ","Acaricida Microbiológico/Inseticida Microbiológico","Categoria 5  Produto Improvável de Causar Dano Agudo","Produto Pouco Perigoso ao Meio Ambiente"
31821,15,"BTP 078-20","Total Biotecnologia Industria e Comercio S/A - Curitiba/PR ","Inseticida Microbiológico","Categoria 5  Produto Improvável de Causar Dano Agudo","Produto Pouco Perigoso ao Meio Ambiente"
17423,72,"BTP 152-21","Total Biotecnologia Industria e Comercio S/A - Curitiba/PR ",Inseticida,"Categoria 5  Produto Improvável de Causar Dano Agudo","Produto Pouco Perigoso ao Meio Ambiente"
17523,72,"BTP 152-21A","Total Biotecnologia Industria e Comercio S/A - Curitiba/PR ",Inseticida,"Categoria 5  Produto Improvável de Causar Dano Agudo","Produto Pouco Perigoso ao Meio Ambiente"
17623,72,"BTP 152-21B","Total Biotecnologia Industria e Comercio S/A - Curitiba/PR ",Inseticida,"Categoria 5  Produto Improvável de Causar Dano Agudo","Produto Pouco Perigoso ao Meio Ambiente"
17223,72,"BTP 156-21A","Total Biotecnologia Industria e Comercio S/A - Curitiba/PR ",Inseticida,"Categoria 5  Produto Improvável de Causar Dano Agudo","Produto Pouco Perigoso ao Meio Ambiente"
17323,72,"BTP 156-21B","Total Biotecnologia Industria e Comercio S/A - Curitiba/PR ",Inseticida,"Categoria 5  Produto Improvável de Causar Dano Agudo","Produto Pouco Perigoso ao Meio Ambiente"
14724,163,"BTP 167-21A","Total Biotecnologia Industria e Comercio S/A - Curitiba/PR ","Fungicida microbiológico/Nematicida Microbiológico","Categoria 5  Produto Improvável de Causar Dano Agudo","Produto Pouco Perigoso ao Meio Ambiente"
22125,164,"BTP 169-21 EW (Alt); Basilex;","Total Biotecnologia Industria e Comercio S/A - Curitiba/PR ",Inseticida,"Categoria 5  Produto Improvável de Causar Dano Agudo","Produto Pouco Perigoso ao Meio Ambiente"
38025,164,"BTP 169-21A EW","Total Biotecnologia Industria e Comercio S/A - Curitiba/PR ",Inseticida,"Categoria 5  Produto Improvável de Causar Dano Agudo","Produto Pouco Perigoso ao Meio Ambiente"
14726,165,"BTP 170-21A","Total Biotecnologia Industria e Comercio S/A - Curitiba/PR ",Fungicida,"Categoria 5  Produto Improvável de Causar Dano Agudo","Produto Pouco Perigoso ao Meio Ambiente"
17023,125,"BTP 173-21","Total Biotecnologia Industria e Comercio S/A - Curitiba/PR ","Fungicida microbiológico","Categoria 5  Produto Improvável de Causar Dano Agudo","Produto Pouco Perigoso ao Meio Ambiente"
15123,125,"BTP 173-21A","Total Biotecnologia Industria e Comercio S/A - Curitiba/PR ","Fungicida microbiológico","Categoria 5  Produto Improvável de Causar Dano Agudo","Produto Pouco Perigoso ao Meio Ambiente"
36024,166,"BTP 177-21A","Total Biotecnologia Industria e Comercio S/A - Curitiba/PR ","Nematicida Microbiológico","Não Classificado - Produto Não Classificado","Produto Pouco Perigoso ao Meio Ambiente"
2122,72,"BTP 400-21","Total Biotecnologia Industria e Comercio S/A - Curitiba/PR ",Fungicida/Inseticida,"Categoria 5  Produto Improvável de Causar Dano Agudo","Produto Pouco Perigoso ao Meio Ambiente"
33623,167,"BTP 500-21","Total Biotecnologia Industria e Comercio S/A - Curitiba/PR ","Nematicida Microbiológico","Não Classificado - Produto Não Classificado","Produto Pouco Perigoso ao Meio Ambiente"
10124,167,"BTP 500-21A","Total Biotecnologia Industria e Comercio S/A - Curitiba/PR ","Nematicida Microbiológico","Não Classificado - Produto Não Classificado","Produto Pouco Perigoso ao Meio Ambiente"
22526,168,BVM0722,"Vittia S.A. - São Joaquim da Barra 01","Inseticida biológico","Não Classificado - Produto Não Classificado","Produto Pouco Perigoso ao Meio Ambiente"
37424,15,"BVR Lewis","Solefert Industria e Comercio Ltda.","Acaricida Microbiológico/Inseticida Microbiológico","Categoria 5  Produto Improvável de Causar Dano Agudo","Produto Pouco Perigoso ao Meio Ambiente"
30518,26,"Bac Control Max EC","Vectorcontrol Industria e Comercio de Produtos Agropecuários Ltda.  Vinhedo/SP","Inseticida Microbiológico","Categoria 5  Produto Improvável de Causar Dano Agudo","Produto Pouco Perigoso ao Meio Ambiente"
1917,26,"Bac-Control Max WP","Vectorcontrol Industria e Comercio de Produtos Agropecuários Ltda.  Vinhedo/SP","Inseticida Microbiológico","Categoria 5  Produto Improvável de Causar Dano Agudo","Produto Pouco Perigoso ao Meio Ambiente"
458791,26,"Bac-Control WP","Vectorcontrol Industria e Comercio de Produtos Agropecuários Ltda.  Vinhedo/SP","Inseticida Microbiológico","Categoria 5  Produto Improvável de Causar Dano Agudo","Produto Pouco Perigoso ao Meio Ambiente"
5022,36,"Bacillus Thuringiensis Bom Futuro","Bom Futuro Agrícola Ltda. - Campo Verde/MT","Inseticida Microbiológico","Categoria 5  Produto Improvável de Causar Dano Agudo","Produto Pouco Perigoso ao Meio Ambiente"
2420,36,"Bacmix BTKSC","Cooperativa Mista de Desenvolvimento do Agronegócio/COMDEAGRO - Primavera do Leste/MT","Inseticida Microbiológico","Categoria 5  Produto Improvável de Causar Dano Agudo","Produto Pouco Perigoso ao Meio Ambiente"
22620,93,"Bactel; DuoBac Meta; Easy Amylo;","Dillon Biotecnologia Ltda ","Fungicida microbiológico","Categoria 5  Produto Improvável de Causar Dano Agudo","Produto Pouco Perigoso ao Meio Ambiente"
2021,169,"Baculomip-SF; Spinix; BioCash; Baculoshock; Devorador SF; Vitales Gratto Frugi; Sigrid; Biosixx®; Intruder; Cia Larvix;","Promip Manejo Integrado de Pragas Ltda.","Inseticida Microbiológico","Não Classificado - Produto Não Classificado","Produto Pouco Perigoso ao Meio Ambiente"
7421,169,"Baculonat SF","Bionat Soluções Biologicas Ltda","Inseticida Microbiológico","Não Classificado - Produto Não Classificado","Produto Pouco Perigoso ao Meio Ambiente"
6813,170,"Baculovirus Soja WP","Bosquiroli e Santos Ltda.","Inseticida Microbiológico","Pouco Tóxico","Produto Pouco Perigoso ao Meio Ambiente"
26624,171,Bafex,"Bio Insumos Nativa do Brasil Ltda - Hortolândia/SP","Nematicida Microbiológico","Categoria 5  Produto Improvável de Causar Dano Agudo","Produto Pouco Perigoso ao Meio Ambiente"
3020,172,Baguera,"Ascenza Brasil Ltda - Hortolândia/SP",Herbicida,"Categoria 5  Produto Improvável de Causar Dano Agudo","Produto Perigoso ao Meio Ambiente"
18521,118,Baikal,"Ascenza Brasil Ltda - Hortolândia/SP",Inseticida,"Categoria 5  Produto Improvável de Causar Dano Agudo","Produto Muito Perigoso ao Meio Ambiente"
41725,115,"Bakana 400 SC","Cropchem Ltda - Porto Alegre",Inseticida,"Categoria 5  Produto Improvável de Causar Dano Agudo","Produto Muito Perigoso ao Meio Ambiente"
28023,173,"Bakti-Bio 480 SL","AllierBrasil Agro Ltda.",Herbicida,"Categoria 5  Produto Improvável de Causar Dano Agudo","Produto Perigoso ao Meio Ambiente"
19121,102,"Baktillis; Astor; ","Mezfer BR Soluções Agrícolas Ltda ","Bactericida Microbiológico/Fungicida microbiológico","Não Classificado - Produto Não Classificado","Produto Pouco Perigoso ao Meio Ambiente"
49225,35,Balazo,"Albaugh Agro Brasil Ltda.- São Paulo",Acaricida/Inseticida,"Categoria 4  Produto Pouco Tóxico","Produto Muito Perigoso ao Meio Ambiente"
7312,15,"Ballvéria; Rizoveria Bio Inseticida; BoveNext; Bionova Sanus Bove;","Ballagro Agro Tecnologia Ltda. - Bom Jesus dos Perdões/SP","Inseticida Microbiológico","Categoria 5  Produto Improvável de Causar Dano Agudo","Produto Pouco Perigoso ao Meio Ambiente"
8524,97,Baltic,"Adama Brasil S.A.- Londrina/PR",Herbicida,"Categoria 5  Produto Improvável de Causar Dano Agudo","Produto Muito Perigoso ao Meio Ambiente"
13826,97,"Baltic BR","Adama Brasil S.A.- Londrina/PR",Herbicida,"Categoria 5  Produto Improvável de Causar Dano Agudo","Produto Muito Perigoso ao Meio Ambiente"
49625,59,Baluarte,"Albaugh Agro Brasil Ltda.- São Paulo",Acaricida/Inseticida,"Categoria 4  Produto Pouco Tóxico","Produto Muito Perigoso ao Meio Ambiente"
37122,174,"Bamytis; Royalprezor; Basuty; Exclusiv; Batynem; Bany; Onprotect N; BRT Block; Bacill Mix; BS Aquanema; Bioboost; Cropbio Nema; Nodubionema; Bunker 4; Biocaz Robust; Bio Titan Plus; Bioxtreme; Bast; Protive; V-Guard; ","Biota Innovations Industria e Comercio de Bioprodutos Ltda  Uberaba/MG","Nematicida Microbiológico","Categoria 5  Produto Improvável de Causar Dano Agudo","Produto Pouco Perigoso ao Meio Ambiente"
28719,175,Band,"Agriconnection Importadora e Exportadora de Insumos Agrícolas - Barueri/SP",Fungicida,"Não Classificado - Produto Não Classificado","Produto Perigoso ao Meio Ambiente"
10220,61,"Bandolim; Pilarzinam;","Pilarquim Br Comercial Ltda.- São Paulo",Fungicida,"Categoria 5  Produto Improvável de Causar Dano Agudo","Produto Muito Perigoso ao Meio Ambiente"
13118,61,Banjo,"Adama Brasil S.A.- Londrina/PR",Fungicida,"Categoria 5  Produto Improvável de Causar Dano Agudo","Produto Muito Perigoso ao Meio Ambiente"
14916,43,Banzai,"Adama Brasil S.A.- Londrina/PR",Fungicida,"Categoria 5  Produto Improvável de Causar Dano Agudo","Produto Perigoso ao Meio Ambiente"
11909,154,"Baris; GLIFOSATO 480 SL PERTERRA; Glifosato  480 SL Sino-Agri;","Perterra Insumos Agropecuários S.A.  São Paulo/SP",Herbicida,"Categoria 5  Produto Improvável de Causar Dano Agudo","Produto Perigoso ao Meio Ambiente"
15326,176,Barkcontrol,"VSF Agricultura Sustentável e Comércio Ltda  Petrolina/PE","Acaricida Microbiológico","Não Classificado - Produto Não Classificado","Produto Pouco Perigoso ao Meio Ambiente"
18921,176,Barkmax,"TOPBIO - Insumos Biológicos Indústria e Comércio Ltda  Tibau/RN","Acaricida Biológico/Agente Biológico de Controle","Não Classificado - Produto Não Classificado","Produto Pouco Perigoso ao Meio Ambiente"
44725,42,"Barracuda 960 EC","Zhongshan Química do Brasil - Sorocaba/SP",Herbicida,"Categoria 4  Produto Pouco Tóxico","Produto Muito Perigoso ao Meio Ambiente"
2223,177,"Barus 300 WG","ISK Biosciences do Brasil Defensivos Agricolas Ltda",Herbicida,"Categoria 5  Produto Improvável de Causar Dano Agudo","Produto Perigoso ao Meio Ambiente"
33222,177,"Barus 339 SC","ISK Biosciences do Brasil Defensivos Agricolas Ltda",Herbicida,"Categoria 5  Produto Improvável de Causar Dano Agudo","Produto Perigoso ao Meio Ambiente"
7623,177,"Barus 700 WG","ISK Biosciences do Brasil Defensivos Agricolas Ltda",Herbicida,"Categoria 5  Produto Improvável de Causar Dano Agudo","Produto Perigoso ao Meio Ambiente"
9212,81,Barão,"UPL do Brasil Indústria e Comércio de Insumos Agropecuários S.A. - Matriz Ituverava/SP ",Cupinicida/Inseticida,"Categoria 2  Produto Altamente Tóxico","Produto Muito Perigoso ao Meio Ambiente"
308394,55,"Basagran 480","Basf S.A.  São Paulo",Herbicida,"Categoria 4  Produto Pouco Tóxico","Produto Perigoso ao Meio Ambiente"
594,55,"Basagran 600","Basf S.A.  São Paulo",Herbicida,"Categoria 4  Produto Pouco Tóxico","Produto Perigoso ao Meio Ambiente"
3294,178,Basamid,"Mitsui & Co (Brasil) S.A.",Fungicida/Herbicida/Nematicida,"Categoria 4  Produto Pouco Tóxico","Produto Perigoso ao Meio Ambiente"
4120,15,"Bassi Control","Innova Ltda ","Acaricida Microbiológico/Inseticida Microbiológico","Categoria 5  Produto Improvável de Causar Dano Agudo","Produto Pouco Perigoso ao Meio Ambiente"
7520,142,Bastnate,"Rainbow Defensivos Agrícolas Ltda.- Porto Alegre /RS ",Herbicida,"Categoria 5  Produto Improvável de Causar Dano Agudo","Produto Perigoso ao Meio Ambiente"
17426,142,"Bastnate Full, Gluferon, Glamorate","Rainbow Defensivos Agrícolas Ltda.- Porto Alegre /RS ",Herbicida,"Categoria 5  Produto Improvável de Causar Dano Agudo","Produto Perigoso ao Meio Ambiente"
22518,179,"Batalha 240 SL","BRA Defensivos Agrícolas Ltda - Piracicaba/SP",Herbicida,"Categoria 5  Produto Improvável de Causar Dano Agudo","Produto Perigoso ao Meio Ambiente"
12909,24,Batent,"UPL do Brasil Indústria e Comércio de Insumos Agropecuários S.A. - Matriz Ituverava/SP ",Acaricida/Inseticida/Nematicida,"Categoria 4  Produto Pouco Tóxico","Produto Muito Perigoso ao Meio Ambiente"
11812,30,Battus,"UPL do Brasil Indústria e Comércio de Insumos Agropecuários S.A. - Matriz Ituverava/SP ",Inseticida,"Categoria 4  Produto Pouco Tóxico","Produto Muito Perigoso ao Meio Ambiente"
28622,15,"Batuk; Kubera; ","Solatus Biotecnologia e Insumos Ltda. - Jardinopolis/SP","Acaricida Microbiológico/Inseticida Microbiológico","Categoria 5  Produto Improvável de Causar Dano Agudo","Produto Pouco Perigoso ao Meio Ambiente"
10022,78,"Baytan PRO","Bayer S.A. - São Paulo/ SP",Fungicida,"Categoria 5  Produto Improvável de Causar Dano Agudo","Produto Muito Perigoso ao Meio Ambiente"
3010,130,"Bazuka 216 SL","Albaugh Agro Brasil Ltda.- São Paulo",Acaricida/Inseticida,"Categoria 3  Produto Moderadamente Tóxico","Produto Muito Perigoso ao Meio Ambiente"
18225,15,"Beau ","Biota Innovations Industria e Comercio de Bioprodutos Ltda  Uberaba/MG","Acaricida Microbiológico/Inseticida Microbiológico","Categoria 5  Produto Improvável de Causar Dano Agudo","Produto Pouco Perigoso ao Meio Ambiente"
7622,15,"Beauve 100; Titanium Bove; BioCAZ Beauveria;","Oligos Biotecnologia Fabricação de Defensivos Agrícolas Ltda - Piracicaba/SP","Acaricida Microbiológico/Inseticida Microbiológico","Categoria 5  Produto Improvável de Causar Dano Agudo","Produto Pouco Perigoso ao Meio Ambiente"
32220,15,"Beauve Protection","Bioma Indústria Comércio e Distribuição Ltda - Fazenda Rio Grande/PR","Acaricida Microbiológico/Inseticida Microbiológico","Categoria 5  Produto Improvável de Causar Dano Agudo","Produto Pouco Perigoso ao Meio Ambiente"
3816,15,BeauveControl,"Simbiose Biociencias S.A. ","Acaricida Microbiológico/Inseticida Microbiológico","Não Classificado - Produto Não Classificado","Produto Pouco Perigoso ao Meio Ambiente"
30522,15,BeauveOuro,"Valeouro Biotec S/A - Uberaba/MG","Acaricida Microbiológico/Inseticida Microbiológico","Categoria 5  Produto Improvável de Causar Dano Agudo","Produto Pouco Perigoso ao Meio Ambiente"
18319,15,"Beauvecontrol Extreme","Simbiose Biociencias S.A. ","Inseticida Microbiológico","Não Classificado - Produto Não Classificado","Produto Pouco Perigoso ao Meio Ambiente"
22019,144,Beauvel,"Dillon Biotecnologia Ltda ","Inseticida Microbiológico","Categoria 5  Produto Improvável de Causar Dano Agudo","Produto Pouco Perigoso ao Meio Ambiente"
19722,15,"Beauveria Bom Futuro","Bom Futuro Agrícola Ltda. - Campo Verde/MT","Acaricida Microbiológico/Inseticida Microbiológico","Categoria 5  Produto Improvável de Causar Dano Agudo","Produto Pouco Perigoso ao Meio Ambiente"
9615,15,"Beauveria JCO","JCO Indústria e Comércio de Fertilizantes Ltda.","Acaricida Microbiológico/Inseticida Microbiológico","Categoria 5  Produto Improvável de Causar Dano Agudo","Produto Pouco Perigoso ao Meio Ambiente"
21625,15,"Beauveria Leven 03 WP","Biomix Industria e Comercio de Insumos Organicos Ltda - Cotia/SP","Acaricida Microbiológico/Inseticida Microbiológico","Categoria 5  Produto Improvável de Causar Dano Agudo","Produto Pouco Perigoso ao Meio Ambiente"
21725,15,"Beauveria Leven L01 WP","Biomix Industria e Comercio de Insumos Organicos Ltda - Cotia/SP","Acaricida Microbiológico/Inseticida Microbiológico","Categoria 5  Produto Improvável de Causar Dano Agudo","Produto Pouco Perigoso ao Meio Ambiente"
4716,15,"Beauveria Oligos WP ","Oligos Biotecnologia Fabricação de Defensivos Agrícolas Ltda - Piracicaba/SP","Acaricida Microbiológico/Inseticida Microbiológico","Categoria 5  Produto Improvável de Causar Dano Agudo","Produto Pouco Perigoso ao Meio Ambiente"
12914,113,Bedane,"Syngenta Proteção de Cultivos Ltda.  São Paulo/SP",Inseticida,"Categoria 5  Produto Improvável de Causar Dano Agudo","Produto Pouco Perigoso ao Meio Ambiente"
17722,180,Belanty,"Basf Agricultural Solutions Brasil Ltda  São Paulo/SP",Fungicida,"Categoria 5  Produto Improvável de Causar Dano Agudo","Produto Perigoso ao Meio Ambiente"
19023,181,Beleaf,"ISK Biosciences do Brasil Defensivos Agricolas Ltda",Inseticida,"Não Classificado - Produto Não Classificado","Produto Perigoso ao Meio Ambiente"
4926,70,"Bellacotesia Controle Biológico"," Bellacotesia Controle Biológico Ltda","Inseticida biológico","Não Classificado - Produto Não Classificado","Produto Pouco Perigoso ao Meio Ambiente"
18621,91,Bellavi,"CTVA Proteção de Cultivos Ltda - Barueri (Tamboré)",Inseticida,"Não Classificado - Produto Não Classificado","Produto Muito Perigoso ao Meio Ambiente"
21719,120,"Bellum 480 SC","Albaugh Agro Brasil Ltda.- São Paulo",Herbicida,"Não Classificado - Produto Não Classificado","Produto Perigoso ao Meio Ambiente"
2509,182,Belt,"Bayer S.A. - São Paulo/ SP",Inseticida,"Não Classificado - Produto Não Classificado","Produto Perigoso ao Meio Ambiente"
1824,182,"Belt Smart","Bayer S.A. - São Paulo/ SP",Inseticida,"Não Classificado - Produto Não Classificado","Produto Perigoso ao Meio Ambiente"
1208,81,Belure,"Basf S.A.  São Paulo",Inseticida,"Categoria 3  Produto Moderadamente Tóxico","Produto Muito Perigoso ao Meio Ambiente"
3922,180,Belyan,"Basf Agricultural Solutions Brasil Ltda  São Paulo/SP",Fungicida,"Categoria 5  Produto Improvável de Causar Dano Agudo","Produto Muito Perigoso ao Meio Ambiente"
33225,15,Bemiex,"Cooperativa Mista de Desenvolvimento do Agronegócio/COMDEAGRO - Campo Verde/MT","Inseticida Microbiológico","Categoria 5  Produto Improvável de Causar Dano Agudo","Produto Pouco Perigoso ao Meio Ambiente"
16021,15,"Bemitrix WG","Cooperativa Mista de Desenvolvimento do Agronegócio/COMDEAGRO - Campo Verde/MT","Acaricida Microbiológico/Inseticida Microbiológico","Categoria 5  Produto Improvável de Causar Dano Agudo","Produto Pouco Perigoso ao Meio Ambiente"
13915,183,Benevia,"FMC Química do Brasil Ltda. - Campinas/SP",Inseticida,"Não Classificado - Produto Não Classificado","Produto Perigoso ao Meio Ambiente"
12926,183,"Benevia BR","FMC Química do Brasil Ltda. - Campinas/SP",Inseticida,"Não Classificado - Produto Não Classificado","Produto Perigoso ao Meio Ambiente"
2723,183,"Benevia OD","FMC Química do Brasil Ltda. - Campinas/SP",Inseticida,"Não Classificado - Produto Não Classificado","Produto Perigoso ao Meio Ambiente"
23518,81,BequeBR,"Ouro Fino Química S.A. - Uberaba",Cupinicida/Formicida/Inseticida,"Categoria 4  Produto Pouco Tóxico","Produto Muito Perigoso ao Meio Ambiente"
31824,142,"Bestar 280 SL","Wynca do Brasil Ltda  São Paulo ",Herbicida,"Categoria 5  Produto Improvável de Causar Dano Agudo","Produto Perigoso ao Meio Ambiente"
32924,142,"Bestar 500 SG","Wynca do Brasil Ltda  São Paulo ",Herbicida,"Categoria 4  Produto Pouco Tóxico","Produto Perigoso ao Meio Ambiente"
25620,86,"Bestphos; Arjun Super;","Coromandel Brasil Ltda.- Cotia/SP",Acaricida/Inseticida,"Categoria 4  Produto Pouco Tóxico","Produto Muito Perigoso ao Meio Ambiente"
18626,91,"Bestrole Plus, Diprole; Furion;","Rainbow Defensivos Agrícolas Ltda.- Porto Alegre /RS ",Acaricida/Inseticida,"Categoria 4  Produto Pouco Tóxico","Produto Muito Perigoso ao Meio Ambiente"
30025,15,Betha,"Biota Innovations Industria e Comercio de Bioprodutos Ltda  Uberaba/MG","Inseticida Microbiológico","Categoria 5  Produto Improvável de Causar Dano Agudo","Produto Pouco Perigoso ao Meio Ambiente"
7123,184,Betk-03,"Bio Insumos Nativa do Brasil Ltda - Hortolândia/SP","Inseticida Microbiológico","Categoria 5  Produto Improvável de Causar Dano Agudo","Produto Pouco Perigoso ao Meio Ambiente"
2821,36,"Bettus Org; Vitales Gratto Turi; BT-Ouro; BT TOP; BioCAZ Talen;","Nooa Ciencia e Tecnologia Agricola Ltda","Inseticida Microbiológico","Categoria 5  Produto Improvável de Causar Dano Agudo","Produto Pouco Perigoso ao Meio Ambiente"
4725,15,"Beva ","Biota Innovations Industria e Comercio de Bioprodutos Ltda  Uberaba/MG","Acaricida Microbiológico/Inseticida Microbiológico","Categoria 5  Produto Improvável de Causar Dano Agudo","Produto Pouco Perigoso ao Meio Ambiente"
14725,36,"Bezem; Sabath;","Solatus Biotecnologia e Insumos Ltda. - Jardinopolis/SP","Inseticida Microbiológico","Categoria 5  Produto Improvável de Causar Dano Agudo","Produto Pouco Perigoso ao Meio Ambiente"
6418,15,"Biagro Attak","Simbiose Biociencias S.A. ","Acaricida Microbiológico/Inseticida Microbiológico","Não Classificado - Produto Não Classificado","Produto Pouco Perigoso ao Meio Ambiente"
19222,103,"Biagro Cana ","Bioma Indústria Comércio e Distribuição Ltda - Fazenda Rio Grande/PR","Inseticida Microbiológico","Categoria 5  Produto Improvável de Causar Dano Agudo","Produto Pouco Perigoso ao Meio Ambiente"
21918,36,"Biagro Cristalles","Simbiose Biociencias S.A. ","Inseticida Microbiológico","Categoria 5  Produto Improvável de Causar Dano Agudo","Produto Pouco Perigoso ao Meio Ambiente"
15722,185,"Biagro Impacto","Simbiose Biociencias S.A. ","Inseticida Microbiológico","Categoria 5  Produto Improvável de Causar Dano Agudo","Produto Pouco Perigoso ao Meio Ambiente"
12322,103,"Biagro Pasto","Bioma Indústria Comércio e Distribuição Ltda - Fazenda Rio Grande/PR","Inseticida Microbiológico","Categoria 5  Produto Improvável de Causar Dano Agudo","Produto Pouco Perigoso ao Meio Ambiente"
25720,93,"Biagro Proteção","Simbiose Biociencias S.A. ","Fungicida microbiológico","Categoria 5  Produto Improvável de Causar Dano Agudo","Produto Pouco Perigoso ao Meio Ambiente"
22623,186,"Biagro Raiz; Nerut; ","Bioma Indústria Comércio e Distribuição Ltda - Fazenda Rio Grande/PR","Nematicida Microbiológico","Categoria 5  Produto Improvável de Causar Dano Agudo","Produto Pouco Perigoso ao Meio Ambiente"
37819,187,"Biagro Solo","Simbiose Biociencias S.A. ","Fungicida microbiológico","Não Classificado - Produto Não Classificado","Produto Pouco Perigoso ao Meio Ambiente"
39724,155,Bif2023-01,"Ballagro Agro Tecnologia Ltda. - Bom Jesus dos Perdões/SP",Inseticida,"Categoria 5  Produto Improvável de Causar Dano Agudo","Produto Pouco Perigoso ao Meio Ambiente"
12820,35,Bifenmax.,"UPL do Brasil Indústria e Comércio de Insumos Agropecuários S.A. - Matriz Ituverava/SP ",Inseticida,"Categoria 2  Produto Altamente Tóxico","Produto Muito Perigoso ao Meio Ambiente"
12823,35,Bifentril,"Indofil Industries do Brasil Ltda.",Acaricida/Inseticida,"Categoria 4  Produto Pouco Tóxico","Produto Muito Perigoso ao Meio Ambiente"
19020,35,"Bifentrina 100 EC Nortox","Nortox S.A. - Arapongas",Acaricida/Inseticida,"Categoria 4  Produto Pouco Tóxico","Produto Muito Perigoso ao Meio Ambiente"
44124,30,"Bifentrina A BRX","Nortox S.A. - Arapongas",Inseticida,"Categoria 4  Produto Pouco Tóxico","Produto Altamente Perigoso ao Meio Ambiente"
16322,30,"Bifentrina A Nortox","Nortox S.A. - Arapongas",Acaricida/Inseticida,"Categoria 4  Produto Pouco Tóxico","Produto Altamente Perigoso ao Meio Ambiente"
7725,35,"Bifentrina CCAB 100 EC","CCAB Agro S.A.   São Paulo",Acaricida/Inseticida,"Categoria 4  Produto Pouco Tóxico","Produto Muito Perigoso ao Meio Ambiente"
10325,35,"Bifentrina Nortox","Nortox S.A. - Arapongas",Acaricida/Inseticida,"Categoria 4  Produto Pouco Tóxico","Produto Muito Perigoso ao Meio Ambiente"
13221,142,Biffo,"Sumitomo Chemical Brasil Indústria Química S.A. - Maracanaú/CE","Herbicida/Regulador de Crescimento","Categoria 5  Produto Improvável de Causar Dano Agudo","Produto Perigoso ao Meio Ambiente"
4006,35,"Biflex Treebags","FMC Química do Brasil Ltda. - Campinas/SP",Inseticida,"Categoria 3  Produto Moderadamente Tóxico","Produto Muito Perigoso ao Meio Ambiente"
45224,35,"Bifmax HT","Iharabras S.A. Indústria Químicas - Sorocaba",Acaricida/Inseticida,"Categoria 3  Produto Moderadamente Tóxico","Produto Muito Perigoso ao Meio Ambiente"
688604,188,"Bim 750 BR","CTVA Proteção de Cultivos Ltda - Barueri (Tamboré)",Fungicida,"Categoria 4  Produto Pouco Tóxico","Produto Muito Perigoso ao Meio Ambiente"
13320,23,"Bim Max","CTVA Proteção de Cultivos Ltda - Barueri (Tamboré)",Fungicida,"Categoria 4  Produto Pouco Tóxico","Produto Muito Perigoso ao Meio Ambiente"
2196,27,"Bimate SA","Proventis Lifescience Defensivos Agrícolas Ltda",Herbicida,"Categoria 5  Produto Improvável de Causar Dano Agudo","Produto Muito Perigoso ao Meio Ambiente"
13521,81,"Bingo 250 FS ","CHDS do Brasil Comércio de Insumos Agrícolas Ltda - São Miguel do Iguaçu/PR   ",Inseticida,"Categoria 3  Produto Moderadamente Tóxico","Produto Muito Perigoso ao Meio Ambiente"
36121,81,"Bingo 800 WG","CHDS do Brasil Comércio de Insumos Agrícolas Ltda - São Miguel do Iguaçu/PR   ",Cupinicida/Formicida/Inseticida,"Categoria 3  Produto Moderadamente Tóxico","Produto Muito Perigoso ao Meio Ambiente"
8805,189,"Bio BM","Bio Controle - Métodos de Controle de Pragas Ltda.  ",Feromônio,"Não Classificado - Produto Não Classificado","Produto de Baixo Risco ao Meio Ambiente"
35519,1,"Bio Bacteriophora","Bio Controle - Métodos de Controle de Pragas Ltda.  ","Agente Biológico de Controle/Inseticida biológico","Não Classificado - Produto Não Classificado","Produto Pouco Perigoso ao Meio Ambiente"
34223,190,"Bio Balance; DuoBac-Bioagreen; SoluSafe; Now Lock; Glock Nema SC; BCH Biofaciens; Armado;","Solubio Tecnologias Agricolas S.A.  Jataí/GO","Nematicida Microbiológico","Categoria 5  Produto Improvável de Causar Dano Agudo","Produto Pouco Perigoso ao Meio Ambiente"
9406,191,"Bio Bonagota","Bio Controle - Métodos de Controle de Pragas Ltda.  ",Feromônio,"Não Classificado - Produto Não Classificado","Produto Pouco Perigoso ao Meio Ambiente"
9606,192,"Bio Broca ","Bio Controle - Métodos de Controle de Pragas Ltda.  ",Feromônio,"Não Classificado - Produto Não Classificado","Produto Pouco Perigoso ao Meio Ambiente"
9506,193,"Bio Carambolae","Bio Controle - Métodos de Controle de Pragas Ltda.  ",Feromônio,"Não Classificado - Produto Não Classificado","Produto Pouco Perigoso ao Meio Ambiente"
21222,15,"Bio Centules","Bionat Soluções Biologicas Ltda","Acaricida Microbiológico/Inseticida Microbiológico","Categoria 5  Produto Improvável de Causar Dano Agudo","Produto Pouco Perigoso ao Meio Ambiente"
1516,70,"Bio Defense","Bio Defense - Controle Biológico Ltda - ME","Agente Biológico de Controle/Inseticida biológico","NÃO DETERMINADO DEVIDO À NATUREZA DO PRODUTO","Produto Pouco Perigoso ao Meio Ambiente"
37124,194,"Bio Elipso","Solubio Tecnologias Agricolas S.A.  Jataí/GO","Nematicida Microbiológico","Categoria 5  Produto Improvável de Causar Dano Agudo","Produto Pouco Perigoso ao Meio Ambiente"
35224,195,"Bio Folha Nortox ","Nortox S.A. - Arapongas","Regulador de Crescimento","Não Classificado - Produto Não Classificado","Produto Pouco Perigoso ao Meio Ambiente"
45025,191,"Bio Furão ","Bio Controle - Métodos de Controle de Pragas Ltda.  ",Feromônio,"Não Classificado - Produto Não Classificado","Produto Pouco Perigoso ao Meio Ambiente"
26724,196,"Bio Gall; Agripon Nemacolt; Now Cover; Best Equilíbrio Ultra; ","Solubio Tecnologias Agricolas S.A.  Jataí/GO","Nematicida Microbiológico","Categoria 5  Produto Improvável de Causar Dano Agudo","Produto Pouco Perigoso ao Meio Ambiente"
28422,14,"Bio Green; Marechal-Bioagreen; Trichomais PM; Green Bio; Now Pulse; Forbio Dermofort; BCH TRICHO ++; ","Solubio Tecnologias Agricolas S.A.  Jataí/GO","Fungicida microbiológico","Categoria 5  Produto Improvável de Causar Dano Agudo","Produto Pouco Perigoso ao Meio Ambiente"
7415,197,"Bio Helicoverpa","Bio Controle - Métodos de Controle de Pragas Ltda.  ",Feromônio,"Não Classificado - Produto Não Classificado","Produto Pouco Perigoso ao Meio Ambiente"
13817,198,"Bio Lobesia","Bio Controle - Métodos de Controle de Pragas Ltda.  ",Feromônio,"Não Classificado - Produto Não Classificado","Produto Pouco Perigoso ao Meio Ambiente"
1302,199,"Bio Neo","Bio Controle - Métodos de Controle de Pragas Ltda.  ",Feromônio,"Não Classificado - Produto Não Classificado","Produto Pouco Perigoso ao Meio Ambiente"
12422,103,"Bio Phygga","Bionat Soluções Biologicas Ltda","Inseticida Microbiológico","Categoria 5  Produto Improvável de Causar Dano Agudo","Produto Pouco Perigoso ao Meio Ambiente"
33724,200,"Bio Poch","Solubio Tecnologias Agricolas S.A.  Jataí/GO","Nematicida Microbiológico","Não Classificado - Produto Não Classificado","Produto Pouco Perigoso ao Meio Ambiente"
6311,191,"Bio Pseudoplusia","Bio Controle - Métodos de Controle de Pragas Ltda.  ",Feromônio,"Não Classificado - Produto Não Classificado","Produto Pouco Perigoso ao Meio Ambiente"
25824,195,"Bio Raiz Nortox","Nortox S.A. - Arapongas","Regulador de Crescimento","Categoria 5  Produto Improvável de Causar Dano Agudo","Produto Pouco Perigoso ao Meio Ambiente"
34123,201,"Bio Release; Now React","Solubio Tecnologias Agricolas S.A.  Jataí/GO","Fungicida microbiológico","Categoria 5  Produto Improvável de Causar Dano Agudo","Produto Pouco Perigoso ao Meio Ambiente"
6799,202,"Bio Serrico","Bio Controle - Métodos de Controle de Pragas Ltda.  ",Feromônio,"Não Classificado - Produto Não Classificado","Produto de Baixo Risco ao Meio Ambiente"
24423,203,"Bio Solubilize; Phós Bio; Now Active; Agripon Phosbacter Nema;","Solubio Tecnologias Agricolas S.A.  Jataí/GO","Nematicida Microbiológico","Categoria 5  Produto Improvável de Causar Dano Agudo","Produto Pouco Perigoso ao Meio Ambiente"
2403,191,"Bio Spodoptera","Bio Controle - Métodos de Controle de Pragas Ltda.  ",Feromônio,"Não Classificado - Produto Não Classificado","Produto Pouco Perigoso ao Meio Ambiente"
25623,204,"Bio Stenoma","Bio Controle - Métodos de Controle de Pragas Ltda.  ",Feromônio,"Não Classificado - Produto Não Classificado","Produto Pouco Perigoso ao Meio Ambiente"
3901,205,"Bio Trimedlure","Bio Controle - Métodos de Controle de Pragas Ltda.  ",Feromônio,"Não Classificado - Produto Não Classificado","Produto Pouco Perigoso ao Meio Ambiente"
6805,191,"Bio Tuta","Bio Controle - Métodos de Controle de Pragas Ltda.  ",Feromônio,"Não Classificado - Produto Não Classificado","Produto Pouco Perigoso ao Meio Ambiente"
43418,206,"Bio-imune; Multi-Attack; Multi-Guard; FungiOuro; Biologic Aerum; Brandt Clearfol; Power BAC Inductor;SKDefense; Solution Pro Evolution; BioAgRoss Andorinha; Majestade;","Vittia S.A. - São Joaquim da Barra 01","Bactericida Microbiológico/Fungicida microbiológico","Não Classificado - Produto Não Classificado","Produto Pouco Perigoso ao Meio Ambiente"
39917,15,BioBVB,"Vital Brasil Chemical Industria e Comercio de Produtos Quimicos Ltda - ME","Acaricida Microbiológico/Inseticida Microbiológico","Categoria 5  Produto Improvável de Causar Dano Agudo","Produto Pouco Perigoso ao Meio Ambiente"
9121,36,"BioBac T","Vital Brasil Chemical Industria e Comercio de Produtos Quimicos Ltda - ME","Inseticida Microbiológico","Categoria 5  Produto Improvável de Causar Dano Agudo","Produto Pouco Perigoso ao Meio Ambiente"
12020,15,BioBassi,"Biomip Controle Biológico S/A","Acaricida Microbiológico/Inseticida Microbiológico","Categoria 5  Produto Improvável de Causar Dano Agudo","Produto Pouco Perigoso ao Meio Ambiente"
15125,103,"BioCAZ Power","Biocaz Ltda.","Inseticida Microbiológico","Categoria 5  Produto Improvável de Causar Dano Agudo","Produto Pouco Perigoso ao Meio Ambiente"
28126,15,"BioFlex B.M","H.T.M Comercio e Laboratorios de Corretivos do Solo Ltda - Ituverava/SP","Inseticida Microbiológico","Categoria 5  Produto Improvável de Causar Dano Agudo","Produto Pouco Perigoso ao Meio Ambiente"
23625,15,BioMB,"Biossíntese Agriscience Ltda","Inseticida Microbiológico","Categoria 5  Produto Improvável de Causar Dano Agudo","Produto Pouco Perigoso ao Meio Ambiente"
14422,103,BioMTZ,"Vital Brasil Chemical Industria e Comercio de Produtos Quimicos Ltda - ME","Inseticida Microbiológico","Categoria 5  Produto Improvável de Causar Dano Agudo","Produto Pouco Perigoso ao Meio Ambiente"
25923,207,"Bioasis Power","Total Biotecnologia Industria e Comercio S/A - Curitiba/PR ","Ativador de planta","Categoria 5  Produto Improvável de Causar Dano Agudo","Produto Pouco Perigoso ao Meio Ambiente"
32623,207,"Bioasis TSI","Total Biotecnologia Industria e Comercio S/A - Curitiba/PR ","Ativador de planta","Categoria 5  Produto Improvável de Causar Dano Agudo","Produto Pouco Perigoso ao Meio Ambiente"
29625,208,Bioasper,"Oligos Biotecnologia Fabricação de Defensivos Agrícolas Ltda - Piracicaba/SP","Fungicida microbiológico","Categoria 5  Produto Improvável de Causar Dano Agudo","Produto Pouco Perigoso ao Meio Ambiente"
25121,103,Bioatena,"Total Biotecnologia Industria e Comercio S/A - Curitiba/PR ","Inseticida Microbiológico","Categoria 5  Produto Improvável de Causar Dano Agudo","Produto Pouco Perigoso ao Meio Ambiente"
25522,209,"Bioatria ","Bionat Soluções Biologicas Ltda","Fungicida microbiológico","Categoria 5  Produto Improvável de Causar Dano Agudo","Produto Pouco Perigoso ao Meio Ambiente"
36118,210,"Biobaci; Baci-Attack; Baci-Guard; Vitalforce Bio Phako; Cropwinner Eco Vastax; ","Vittia S.A. - São Joaquim da Barra 01","Fungicida microbiológico/Nematicida Microbiológico","Não Classificado - Produto Não Classificado","Produto Pouco Perigoso ao Meio Ambiente"
22519,144,"Biobev; Cropbio BioVeria; Sumério MTP","Serquibio Biotecnologia Ltda - Santa Bárbara d'Oeste/SP ","Inseticida Microbiológico","Pouco Tóxico","Produto Pouco Perigoso ao Meio Ambiente"
32423,160,"Biobrev Full","Total Biotecnologia Industria e Comercio S/A - Curitiba/PR ","Inseticida Microbiológico","Categoria 5  Produto Improvável de Causar Dano Agudo","Produto Pouco Perigoso ao Meio Ambiente"
26423,160,"Biobrev Full Floresta","Total Biotecnologia Industria e Comercio S/A - Curitiba/PR ","Inseticida Microbiológico","Categoria 5  Produto Improvável de Causar Dano Agudo","Produto Pouco Perigoso ao Meio Ambiente"
15225,15,"Biocaz Control","Biocaz Ltda.","Inseticida Microbiológico","Categoria 5  Produto Improvável de Causar Dano Agudo","Produto Pouco Perigoso ao Meio Ambiente"
29125,211,"Biocorym; Vivus Control; CordyWin; QuestFly Pro;","Oligos Biotecnologia Fabricação de Defensivos Agrícolas Ltda - Piracicaba/SP","Inseticida Microbiológico","Não Classificado - Produto Não Classificado","Produto Pouco Perigoso ao Meio Ambiente"
47525,173,"Biocosmo 480 SL","AllierBrasil Agro Ltda.",Herbicida,"Categoria 5  Produto Improvável de Causar Dano Agudo","Produto Perigoso ao Meio Ambiente"
7998,212,Biocydia,"Bio Controle - Métodos de Controle de Pragas Ltda.  ",Feromônio,"Não Classificado - Produto Não Classificado","Produto Pouco Perigoso ao Meio Ambiente"
17420,213,Biodeixis,"Agbitech Controles Biológicos Ltda","Inseticida Microbiológico","Não Classificado - Produto Não Classificado","Produto Pouco Perigoso ao Meio Ambiente"
7522,214,"Biodiatraea ","Morsoletto Controle Biológico Ltda","Agente Biológico de Controle/Inseticida biológico","Não Classificado - Produto Não Classificado","Produto Pouco Perigoso ao Meio Ambiente"
51025,4,"Biodyn 806 SL","AllierBrasil Agro Ltda.",Herbicida,"Categoria 4  Produto Pouco Tóxico","Produto Perigoso ao Meio Ambiente"
11014,70,"Bioeco Cotésia","Bioeco Cana Produtos Biologicos Ltda - ME","Agente Biológico de Controle/Inseticida biológico","NÃO DETERMINADO DEVIDO À NATUREZA DO PRODUTO","Produto Pouco Perigoso ao Meio Ambiente"
9421,102,"Bioessence Drive ","Total Biotecnologia Industria e Comercio S/A - Curitiba/PR ","Nematicida Microbiológico","Categoria 5  Produto Improvável de Causar Dano Agudo","Produto Pouco Perigoso ao Meio Ambiente"
13820,72,Bioexos,"Total Biotecnologia Industria e Comercio S/A - Curitiba/PR ",Fungicida/Inseticida,"Categoria 5  Produto Improvável de Causar Dano Agudo","Produto Pouco Perigoso ao Meio Ambiente"
17123,72,"Bioexos Plus (0,3% Neem Oil)","Total Biotecnologia Industria e Comercio S/A - Curitiba/PR ",Inseticida,"Categoria 5  Produto Improvável de Causar Dano Agudo","Produto Pouco Perigoso ao Meio Ambiente"
44024,15,"Biofoll Duo; Cropbio Biokiller; BIOTOP DUO; INSECTA BM; Bowe;","Serquibio Biotecnologia Ltda - Santa Bárbara d'Oeste/SP ","Inseticida Microbiológico","Categoria 5  Produto Improvável de Causar Dano Agudo","Produto Pouco Perigoso ao Meio Ambiente"
35425,215,"Biofoll; Biotop; Insectatrio; Tropabio; Platoon;","Serquibio Biotecnologia Ltda - Santa Bárbara d'Oeste/SP ","Inseticida Microbiológico","Categoria 5  Produto Improvável de Causar Dano Agudo","Produto Pouco Perigoso ao Meio Ambiente"
6621,216,Biogalloi,"Morsoletto Controle Biológico Ltda","Agente Biológico de Controle/Inseticida biológico","Não Classificado - Produto Não Classificado","Produto Pouco Perigoso ao Meio Ambiente"
37625,14,"Biogeniun Tricho, Tricho +; Cia Tricho+; Marechal;","Genetica Tecnologias Ambientais Ltda","Fungicida microbiológico","Categoria 5  Produto Improvável de Causar Dano Agudo","Produto Pouco Perigoso ao Meio Ambiente"
8001,191,Biographolita,"Bio Controle - Métodos de Controle de Pragas Ltda.  ",Feromônio,"Não Classificado - Produto Não Classificado","Produto Pouco Perigoso ao Meio Ambiente"
3826,217,Biohakka,"Total Biotecnologia Industria e Comercio S/A - Curitiba/PR ",Nematicida,"Categoria 5  Produto Improvável de Causar Dano Agudo","Produto Pouco Perigoso ao Meio Ambiente"
20722,218,"Biohowardi; Tetrabase;","Morsoletto Controle Biológico Ltda","Agente Biológico de Controle/Inseticida biológico","Não Classificado - Produto Não Classificado","Produto Pouco Perigoso ao Meio Ambiente"
14123,219,Bioin-Longicau-D,"BioIn Biotecnologia Ltda. - Porto Alegre/RS","Agente Biológico de Controle/Inseticida biológico","Não Classificado - Produto Não Classificado","Produto Pouco Perigoso ao Meio Ambiente"
31023,220,Bioin-Podisi-T,"BioIn Biotecnologia Ltda. - Porto Alegre/RS","Agente Biológico de Controle/Inseticida","Não Classificado - Produto Não Classificado","Produto Pouco Perigoso ao Meio Ambiente"
32621,221,Bioin-Tricho-P,"BioIn Biotecnologia Ltda. - Porto Alegre/RS","Agente Biológico de Controle/Inseticida biológico","Não Classificado - Produto Não Classificado","Produto Pouco Perigoso ao Meio Ambiente"
26720,185,"Bioisa; Bioagross Arara;","Vital Brasil Chemical Industria e Comercio de Produtos Quimicos Ltda - ME","Inseticida Microbiológico","Categoria 5  Produto Improvável de Causar Dano Agudo","Produto Pouco Perigoso ao Meio Ambiente"
4712,222,Bioisca,"Cooperativa de Cafeicultores e Agropecuaristas - COCAPEC ",Formicida,"Categoria 5  Produto Improvável de Causar Dano Agudo","Produto Pouco Perigoso ao Meio Ambiente"
13022,223,"Biokato; Bioddam; ","Total Biotecnologia Industria e Comercio S/A - Curitiba/PR ","Inseticida Microbiológico","Categoria 5  Produto Improvável de Causar Dano Agudo","Produto Pouco Perigoso ao Meio Ambiente"
36424,122,Bioking,"CHDS do Brasil Comércio de Insumos Agrícolas Ltda - São Miguel do Iguaçu/PR   ",Inseticida,"Categoria 5  Produto Improvável de Causar Dano Agudo","Produto Perigoso ao Meio Ambiente"
36524,122,"Bioking 240 SC","CHDS do Brasil Comércio de Insumos Agrícolas Ltda - São Miguel do Iguaçu/PR   ",Inseticida,"Categoria 5  Produto Improvável de Causar Dano Agudo","Produto Perigoso ao Meio Ambiente"
23123,163,Biolucro,"Total Biotecnologia Industria e Comercio S/A - Curitiba/PR ","Fungicida microbiológico/Nematicida Microbiológico","Categoria 5  Produto Improvável de Causar Dano Agudo","Produto Pouco Perigoso ao Meio Ambiente"
22523,186,"Bioma - B.Bv 10","Bioma Indústria Comércio e Distribuição Ltda - Fazenda Rio Grande/PR","Nematicida Microbiológico","Categoria 5  Produto Improvável de Causar Dano Agudo","Produto Pouco Perigoso ao Meio Ambiente"
11422,224,"Biomagno; Bioharmer; ","Total Biotecnologia Industria e Comercio S/A - Curitiba/PR ","Fungicida microbiológico/Nematicida Microbiológico","Categoria 5  Produto Improvável de Causar Dano Agudo","Produto Pouco Perigoso ao Meio Ambiente"
20120,15,"Biomatch JCO ","JCO Indústria e Comércio de Fertilizantes Ltda.","Inseticida Microbiológico","Categoria 5  Produto Improvável de Causar Dano Agudo","Produto Pouco Perigoso ao Meio Ambiente"
5620,103,Biometa,"Biomip Controle Biológico S/A","Inseticida Microbiológico","Categoria 5  Produto Improvável de Causar Dano Agudo","Produto Pouco Perigoso ao Meio Ambiente"
20824,15,Biometatril,"J. A. Moura Goncalves Fertilizantes Ltda- Filial","Inseticida Microbiológico","Categoria 5  Produto Improvável de Causar Dano Agudo","Produto Pouco Perigoso ao Meio Ambiente"
6810,103,"Biometha GR Plus","Biotech Controle Biológico Ltda.- Maceió","Inseticida Microbiológico","Pouco Tóxico","Produto Pouco Perigoso ao Meio Ambiente"
5801,51,"Bion 500 WG","Syngenta Proteção de Cultivos Ltda.  São Paulo/SP",Fungicida,"Categoria 5  Produto Improvável de Causar Dano Agudo","Produto Perigoso ao Meio Ambiente"
16623,15,"Bionature BM","Agronatural Comércio de Defensivos Biológicos e Serviços Técnicos Ltda -Jaraguari/MS","Inseticida Microbiológico","Categoria 5  Produto Improvável de Causar Dano Agudo","Produto Pouco Perigoso ao Meio Ambiente"
10923,125,"Bionature Tricho","Agronatural Comércio de Defensivos Biológicos e Serviços Técnicos Ltda -Jaraguari/MS","Fungicida microbiológico","Categoria 5  Produto Improvável de Causar Dano Agudo","Produto Pouco Perigoso ao Meio Ambiente"
18725,225,Bionix,"Agrivalle Brasil Indústria e Comércio de Produtos Agrícolas S.A.  Indaiatuba/SP ","Inseticida Microbiológico","Categoria 5  Produto Improvável de Causar Dano Agudo","Produto Pouco Perigoso ao Meio Ambiente"
31923,226,"Bionmt; Econema;","Vital Brasil Chemical Industria e Comercio de Produtos Quimicos Ltda - ME","Nematicida Microbiológico","Categoria 5  Produto Improvável de Causar Dano Agudo","Produto Pouco Perigoso ao Meio Ambiente"
19126,15,"Bionova Sanus Bove SC","Nova do Brasil Ltda","Acaricida Microbiológico/Inseticida Microbiológico","Categoria 5  Produto Improvável de Causar Dano Agudo","Produto Pouco Perigoso ao Meio Ambiente"
22626,103,"Bionova Sanus Meta SC","Nova do Brasil Ltda","Inseticida Microbiológico","Categoria 5  Produto Improvável de Causar Dano Agudo","Produto Pouco Perigoso ao Meio Ambiente"
31721,15,"Bioolimpo; BiologiC Bravia;","Total Biotecnologia Industria e Comercio S/A - Curitiba/PR ","Inseticida Microbiológico","Categoria 5  Produto Improvável de Causar Dano Agudo","Produto Pouco Perigoso ao Meio Ambiente"
20424,114,"Biopak 720 WG","AllierBrasil Agro Ltda.",Herbicida,"Categoria 5  Produto Improvável de Causar Dano Agudo","Produto Perigoso ao Meio Ambiente"
6422,227,Biopalmis,"Morsoletto Controle Biológico Ltda","Agente Biológico de Controle/Inseticida biológico","Não Classificado - Produto Não Classificado","Produto Pouco Perigoso ao Meio Ambiente"
822,220,Biopodisi,"Morsoletto Controle Biológico Ltda","Agente Biológico de Controle/Inseticida biológico","Não Classificado - Produto Não Classificado","Produto Pouco Perigoso ao Meio Ambiente"
20522,221,"Bioprecioso ","Morsoletto Controle Biológico Ltda","Agente Biológico de Controle","Não Classificado - Produto Não Classificado","Produto Pouco Perigoso ao Meio Ambiente"
18425,228,"Bioproctegeh;  Defenser;","Serquibio Biotecnologia Ltda - Santa Bárbara d'Oeste/SP ","Fungicida microbiológico","Categoria 5  Produto Improvável de Causar Dano Agudo","Produto Pouco Perigoso ao Meio Ambiente"
1416,103,"Biorhizium GR","Bioenergia do Brasil S.A.","Inseticida Microbiológico","Pouco Tóxico","Produto Pouco Perigoso ao Meio Ambiente"
1316,103,"Biorhizium WP","Bioenergia do Brasil S.A.","Inseticida Microbiológico","Pouco Tóxico","Produto Pouco Perigoso ao Meio Ambiente"
32022,72,Biosave,"Inflora Biociência Ltda",Fungicida/Inseticida,"Categoria 5  Produto Improvável de Causar Dano Agudo","Produto Pouco Perigoso ao Meio Ambiente"
29720,15,"Bioscap ","Vital Brasil Chemical Industria e Comercio de Produtos Quimicos Ltda - ME","Inseticida Microbiológico","Categoria 5  Produto Improvável de Causar Dano Agudo","Produto Pouco Perigoso ao Meio Ambiente"
19021,15,"Bioscap Liq; Bioagross Curió;","Vital Brasil Chemical Industria e Comercio de Produtos Quimicos Ltda - ME","Inseticida Microbiológico","Categoria 5  Produto Improvável de Causar Dano Agudo","Produto Pouco Perigoso ao Meio Ambiente"
19822,159,Bioshield,"Total Biotecnologia Industria e Comercio S/A - Curitiba/PR ","Fungicida microbiológico","Categoria 5  Produto Improvável de Causar Dano Agudo","Produto Pouco Perigoso ao Meio Ambiente"
18525,228,"Biosollus; Cropbio Biohellmax; Bio-Four; Squadron;","Serquibio Biotecnologia Ltda - Santa Bárbara d'Oeste/SP ","Nematicida Microbiológico","Categoria 5  Produto Improvável de Causar Dano Agudo","Produto Pouco Perigoso ao Meio Ambiente"
33421,15,Biosparta,"Total Biotecnologia Industria e Comercio S/A - Curitiba/PR ","Acaricida Microbiológico/Inseticida Microbiológico","Categoria 5  Produto Improvável de Causar Dano Agudo","Produto Pouco Perigoso ao Meio Ambiente"
7721,26,Biossela,"Endeavour Biologicos Ltda - Rio de Janeiro/RJ","Inseticida Microbiológico","Categoria 5  Produto Improvável de Causar Dano Agudo","Produto Pouco Perigoso ao Meio Ambiente"
26921,229,"Biostat WP; Gratto Nema;","Mitsui & Co (Brasil) S.A.","Nematicida Microbiológico","Categoria 5  Produto Improvável de Causar Dano Agudo","Produto Pouco Perigoso ao Meio Ambiente"
14826,226,Biothree,"Vital Brasil Chemical Industria e Comercio de Produtos Quimicos Ltda - ME","Nematicida Microbiológico","Categoria 5  Produto Improvável de Causar Dano Agudo","Produto Pouco Perigoso ao Meio Ambiente"
11522,125,Biotricho,"Biomip Controle Biológico S/A","Fungicida microbiológico","Categoria 5  Produto Improvável de Causar Dano Agudo","Produto Pouco Perigoso ao Meio Ambiente"
2224,230,"Biotrinsic D451 FP; Biotrinsic Hamatum; Biotrinsic Fitocontrol; Indigo 451; Indigo Hamatum","Indigo Brazil Agricultura Ltda","Fungicida microbiológico","Categoria 5  Produto Improvável de Causar Dano Agudo","Produto Pouco Perigoso ao Meio Ambiente"
3423,231,"Biotrinsic N11 FP; Biotrinsic Habitans; Biotrinsic Nematrix; Indigo 407; Biotrinsic Bionematicida;","Indigo Brazil Agricultura Ltda","Nematicida Microbiológico","Categoria 5  Produto Improvável de Causar Dano Agudo","Produto Pouco Perigoso ao Meio Ambiente"
14025,232,"Biotrinsic N465 WP, Indigo 465, Biotrinsic Defender, Nemablocker, Biotrinsic DualBlocker","Indigo Brazil Agricultura Ltda","Fungicida microbiológico/Nematicida Microbiológico","Categoria 5  Produto Improvável de Causar Dano Agudo","Produto Pouco Perigoso ao Meio Ambiente"
22223,233,"Biotrix; Agtrimmon; Neotri Power;","Toyobo do Brasil Produtos Biológicos Ltda.","Fungicida microbiológico","Categoria 5  Produto Improvável de Causar Dano Agudo","Produto Pouco Perigoso ao Meio Ambiente"
10224,162,Bioturim,"Total Biotecnologia Industria e Comercio S/A - Curitiba/PR ","Inseticida Microbiológico","Categoria 5  Produto Improvável de Causar Dano Agudo","Produto Pouco Perigoso ao Meio Ambiente"
9211,70,Biotésia,"Biotech Controle Biológico Ltda.- Maceió","Agente Biológico de Controle/Inseticida biológico","NÃO DETERMINADO DEVIDO À NATUREZA DO PRODUTO","Produto Pouco Perigoso ao Meio Ambiente"
7816,15,"Bioveria WP","Bioenergia do Brasil S.A.","Acaricida Microbiológico/Inseticida Microbiológico","Pouco Tóxico","Produto Pouco Perigoso ao Meio Ambiente"
10914,70,Biovespa,"Bioenergia do Brasil S.A.","Agente Biológico de Controle/Inseticida biológico","NÃO DETERMINADO DEVIDO À NATUREZA DO PRODUTO","Produto Pouco Perigoso ao Meio Ambiente"
34322,15,"Biovéro; Beauveria MCP; Bravo BB; Bossbassi; BV Bassi; Beauveria Erânia;","J. A. Moura Goncalves Fertilizantes Ltda- Filial","Acaricida Microbiológico/Inseticida Microbiológico","Categoria 5  Produto Improvável de Causar Dano Agudo","Produto Pouco Perigoso ao Meio Ambiente"
25421,234,"Bispiribac Nortox","Nortox S.A. - Arapongas",Herbicida,"Categoria 5  Produto Improvável de Causar Dano Agudo","Produto Perigoso ao Meio Ambiente"
5207,35,"Bistar 100 EC; Brigade; ","FMC Química do Brasil Ltda. - Campinas/SP",Acaricida/Inseticida,"Categoria 4  Produto Pouco Tóxico","Produto Perigoso ao Meio Ambiente"
13326,35,Bitaxam,"SM Agrocare Brasil Importação Comércio e Serviços Agrícolas Ltda",Inseticida,"Categoria 4  Produto Pouco Tóxico","Produto Muito Perigoso ao Meio Ambiente"
13023,235,"Bitmex 250 SL ","Albaugh Agro Brasil Ltda.- São Paulo",Herbicida,"Categoria 5  Produto Improvável de Causar Dano Agudo","Produto Perigoso ao Meio Ambiente"
19120,35,"Bitrin 100 EC","Cropchem Ltda - Porto Alegre",Acaricida/Inseticida,"Categoria 4  Produto Pouco Tóxico","Produto Muito Perigoso ao Meio Ambiente"
15222,58,Bivack,"Ascenza Brasil Ltda - Hortolândia/SP",Herbicida,"Categoria 5  Produto Improvável de Causar Dano Agudo","Produto Muito Perigoso ao Meio Ambiente"
38117,118,Blade,"Ascenza Brasil Ltda - Hortolândia/SP",Inseticida,"Categoria 5  Produto Improvável de Causar Dano Agudo","Produto Muito Perigoso ao Meio Ambiente"
1023,122,"Blanes 240 SC","Cropchem Ltda - Porto Alegre",Inseticida,"Categoria 5  Produto Improvável de Causar Dano Agudo","Produto Perigoso ao Meio Ambiente"
10820,78,Blavity,"Basf Agricultural Solutions Brasil Ltda  São Paulo/SP",Fungicida,"Categoria 5  Produto Improvável de Causar Dano Agudo","Produto Muito Perigoso ao Meio Ambiente"
38818,236,"Bleran ","Syngenta Proteção de Cultivos Ltda.  São Paulo/SP",Herbicida,"Categoria 3  Produto Moderadamente Tóxico","Produto Muito Perigoso ao Meio Ambiente"
15321,31,"Blindado Tov; Wetter; Dart PRO; Blindado Ultra;","Adama Brasil S.A.- Londrina/PR",Fungicida,"Categoria 5  Produto Improvável de Causar Dano Agudo","Produto Muito Perigoso ao Meio Ambiente"
6796,81,Blitz,"Basf S.A.  São Paulo",Formicida,"Categoria 5  Produto Improvável de Causar Dano Agudo","Produto Muito Perigoso ao Meio Ambiente"
7904,237,Block,"Adama Brasil S.A.- Londrina/PR",Herbicida,"Categoria 4  Produto Pouco Tóxico","Produto Muito Perigoso ao Meio Ambiente"
9607,40,"Bloqueo Mix WG","Pilarquim Br Comercial Ltda.- São Paulo",Herbicida,"Categoria 4  Produto Pouco Tóxico","Produto Perigoso ao Meio Ambiente"
9207,40,"Bloqueo WG;  Atrast 900 WG; ","Pilarquim Br Comercial Ltda.- São Paulo",Herbicida,"Categoria 5  Produto Improvável de Causar Dano Agudo","Produto Perigoso ao Meio Ambiente"
19217,10,"Blowout; Cleanover; Rapido; Limpio; Dicepto; Sluga; Heaton;","Rainbow Defensivos Agrícolas Ltda.- Porto Alegre /RS ",Herbicida,"Categoria 3  Produto Moderadamente Tóxico","Produto Perigoso ao Meio Ambiente"
10423,81,"Boiadeiro 250 FS","AllierBrasil Agro Ltda.",Cupinicida/Formicida/Inseticida,"Categoria 3  Produto Moderadamente Tóxico","Produto Muito Perigoso ao Meio Ambiente"
30422,119,"Boksia 300 WG","Cropchem Ltda - Porto Alegre",Inseticida,"Categoria 5  Produto Improvável de Causar Dano Agudo","Produto Pouco Perigoso ao Meio Ambiente"
8017,30,"Bold; Decision;","Iharabras S.A. Indústria Químicas - Sorocaba",Inseticida,"Categoria 3  Produto Moderadamente Tóxico","Produto Altamente Perigoso ao Meio Ambiente"
19922,224,"Bombardeiro Power","Total Biotecnologia Industria e Comercio S/A - Curitiba/PR ","Fungicida microbiológico/Nematicida Microbiológico","Categoria 5  Produto Improvável de Causar Dano Agudo","Produto Pouco Perigoso ao Meio Ambiente"
27321,159,"Bombardeiro; Lastro;","Total Biotecnologia Industria e Comercio S/A - Curitiba/PR ","Fungicida microbiológico","Categoria 5  Produto Improvável de Causar Dano Agudo","Produto Pouco Perigoso ao Meio Ambiente"
53325,56,"Bombeiro Max","CHDS do Brasil Comércio de Insumos Agrícolas Ltda - São Miguel do Iguaçu/PR   ",Acaricida/Inseticida,"Categoria 4  Produto Pouco Tóxico","Produto Muito Perigoso ao Meio Ambiente"
40119,152,"Bometil; Biotrinsic Metbov;","Ballagro Agro Tecnologia Ltda. - Bom Jesus dos Perdões/SP","Inseticida Microbiológico","Categoria 5  Produto Improvável de Causar Dano Agudo","Produto Pouco Perigoso ao Meio Ambiente"
7925,238,"Bonafide 500 WG","Sharda do Brasil Comércio de Produtos Químicos e Agroquímicos LTDA",Fungicida,"Não Classificado - Produto Não Classificado","Produto Perigoso ao Meio Ambiente"
20521,11,Bonanza,"FMC Química do Brasil Ltda. - Campinas/SP",Herbicida,"Categoria 5  Produto Improvável de Causar Dano Agudo","Produto Perigoso ao Meio Ambiente"
11720,93,Boneville,"Koppert do Brasil Holding S.A. - Piracicaba/SP ","Nematicida Microbiológico","Categoria 5  Produto Improvável de Causar Dano Agudo","Produto Pouco Perigoso ao Meio Ambiente"
33822,15,Bonvero,"Café Brasil Indústria Comércio Importação e Exportação S/A - Alfenas/MG","Acaricida Microbiológico/Inseticida Microbiológico","Categoria 5  Produto Improvável de Causar Dano Agudo","Produto Pouco Perigoso ao Meio Ambiente"
7495,84,"Boral 500 SC; Capaz;","FMC Química do Brasil Ltda. - Campinas/SP",Herbicida,"Categoria 4  Produto Pouco Tóxico","Produto Muito Perigoso ao Meio Ambiente"
12916,84,"Boral Full","FMC Química do Brasil Ltda. - Campinas/SP",Herbicida,"Categoria 4  Produto Pouco Tóxico","Produto Muito Perigoso ao Meio Ambiente"
27424,17,Bordalo,"Ascenza Brasil Ltda - Hortolândia/SP",Inseticida,"Categoria 5  Produto Improvável de Causar Dano Agudo","Produto Muito Perigoso ao Meio Ambiente"
10722,17,"Bordalo PRO","Ascenza Brasil Ltda - Hortolândia/SP",Acaricida/Inseticida,"Categoria 4  Produto Pouco Tóxico","Produto Muito Perigoso ao Meio Ambiente"
2107,239,Borneo,"Sumitomo Chemical Brasil Indústria Química S.A. - Maracanaú/CE",Acaricida,"Categoria 5  Produto Improvável de Causar Dano Agudo","Produto Perigoso ao Meio Ambiente"
4124,238,"Boscalid Nortox","Nortox S.A. - Arapongas",Fungicida,"Categoria 5  Produto Improvável de Causar Dano Agudo","Produto Perigoso ao Meio Ambiente"
35922,238,"Boscalid Nortox 500 WG","Nortox S.A. - Arapongas",Fungicida,"Categoria 5  Produto Improvável de Causar Dano Agudo","Produto Perigoso ao Meio Ambiente"
51925,238,"Boscavi 500 WG","Sharda do Brasil Comércio de Produtos Químicos e Agroquímicos LTDA",Fungicida,"Categoria 5  Produto Improvável de Causar Dano Agudo","Produto Perigoso ao Meio Ambiente"
18526,238,"Bospel Plus, Bolinil, Rainidil, Bociform","Rainbow Defensivos Agrícolas Ltda.- Porto Alegre /RS ",Fungicida,"Categoria 5  Produto Improvável de Causar Dano Agudo","Produto Muito Perigoso ao Meio Ambiente"
18026,98,"Botaim Xtra","Rainbow Defensivos Agrícolas Ltda.- Porto Alegre /RS ",Herbicida,"Categoria 5  Produto Improvável de Causar Dano Agudo","Produto Perigoso ao Meio Ambiente"
12121,152,"Botanigard WP","Mitsui & Co (Brasil) S.A.","Inseticida Microbiológico","Categoria 5  Produto Improvável de Causar Dano Agudo","Produto Pouco Perigoso ao Meio Ambiente"
3799,240,"Botran 750","Gowan Produtos Agrícolas Ltda. - Matriz Campinas/SP",Fungicida,"Categoria 5  Produto Improvável de Causar Dano Agudo","Produto Muito Perigoso ao Meio Ambiente"
51825,44,Botten,"Tecnomyl Brasil Distribuidora de Produtos Agrícolas Ltda - Foz do Iguaçu",Fungicida,"Categoria 4  Produto Pouco Tóxico","Produto Muito Perigoso ao Meio Ambiente"
5026,42,Boundary,"Syngenta Proteção de Cultivos Ltda.  São Paulo/SP",Herbicida,"Categoria 5  Produto Improvável de Causar Dano Agudo","Produto Muito Perigoso ao Meio Ambiente"
13824,241,"Bountify; Rhinovate; ","Rizobacter do Brasil Ltda ","Nematicida Microbiológico","Não Classificado - Produto Não Classificado","Produto Pouco Perigoso ao Meio Ambiente"
7615,15,"Bouveriz WP Biocontrol; Bovemill","Companhia Nitro Química Brasileira - Sertãozinho/SP","Acaricida Microbiológico/Inseticida Microbiológico","Não Classificado - Produto Não Classificado","Produto Pouco Perigoso ao Meio Ambiente"
28122,15,BovCombat,"Viva Soluções Biologicas Ltda  Machado/MG","Acaricida Microbiológico/Inseticida Microbiológico","Categoria 5  Produto Improvável de Causar Dano Agudo","Produto Pouco Perigoso ao Meio Ambiente"
8624,15,"BovCombat Max","Viva Soluções Biologicas Ltda  Machado/MG","Acaricida Microbiológico/Inseticida Microbiológico","Categoria 5  Produto Improvável de Causar Dano Agudo","Produto Pouco Perigoso ao Meio Ambiente"
8022,15,"Bovax; Bassivin;","Biossíntese Pesquisa e Desenvolvimento Ltda.","Acaricida Microbiológico/Inseticida Microbiológico","Categoria 5  Produto Improvável de Causar Dano Agudo","Produto Pouco Perigoso ao Meio Ambiente"
29322,15,"Bove-Meta Bom Futuro","Bom Futuro Agrícola Ltda. - Campo Verde/MT","Inseticida Microbiológico","Categoria 5  Produto Improvável de Causar Dano Agudo","Produto Pouco Perigoso ao Meio Ambiente"
10814,15,Bovebio,"Biofungi Ind. e Com. de Def. Biológicos e Inoculantes Ltda.","Acaricida Microbiológico/Inseticida Microbiológico","Pouco Tóxico","Produto Pouco Perigoso ao Meio Ambiente"
7026,15,Bovebiol,"Agribiol  Biológicos Agrícolas Ltda","Acaricida Microbiológico/Inseticida Microbiológico","Categoria 5  Produto Improvável de Causar Dano Agudo","Produto Pouco Perigoso ao Meio Ambiente"
1025,15,"Bovec, Bonamax, Bovenox, Bonelax, Bovesan, Bonacel, Bonagol","Arconi Biotecnologia Ltda","Acaricida Microbiológico/Inseticida Microbiológico","Categoria 5  Produto Improvável de Causar Dano Agudo","Produto Pouco Perigoso ao Meio Ambiente"
46224,15,"Bovecoop ","Coopavel Cooperativa Agroindustrial","Inseticida Microbiológico","Categoria 5  Produto Improvável de Causar Dano Agudo","Produto Pouco Perigoso ao Meio Ambiente"
3425,15,"Bovecoop SC","Coopavel Cooperativa Agroindustrial","Inseticida Microbiológico","Categoria 5  Produto Improvável de Causar Dano Agudo","Produto Pouco Perigoso ao Meio Ambiente"
43025,15,"Bovefort; Mulcróp; Ativis; Atria; Beaufarm/ Beau-gri; Bauvex; Bover-Lion;","Beifiur Ltda","Acaricida Microbiológico/Inseticida Microbiológico","Categoria 5  Produto Improvável de Causar Dano Agudo","Produto Pouco Perigoso ao Meio Ambiente"
13311,152,"Bovemax EC","Novozymes BioAg Produtos para Agricultura Ltda - Quatro Barras/PR ","Inseticida Microbiológico","Categoria 5  Produto Improvável de Causar Dano Agudo","Produto Pouco Perigoso ao Meio Ambiente"
24020,15,Bovemip,"Promip Manejo Integrado de Pragas Ltda.","Acaricida Microbiológico/Inseticida Microbiológico","Categoria 5  Produto Improvável de Causar Dano Agudo","Produto Pouco Perigoso ao Meio Ambiente"
8621,15,"Boven; Questbeauve; BS Guard; Bouver; Beauguard; Bioskoupa; Banton;","Biota Innovations Industria e Comercio de Bioprodutos Ltda  Uberaba/MG","Acaricida Microbiológico/Inseticida Microbiológico","Categoria 5  Produto Improvável de Causar Dano Agudo","Produto Pouco Perigoso ao Meio Ambiente"
43419,15,Bovenat,"Bionat Soluções Biologicas Ltda","Acaricida Microbiológico/Inseticida Microbiológico","Categoria 5  Produto Improvável de Causar Dano Agudo","Produto Pouco Perigoso ao Meio Ambiente"
12516,15,"Boveria-Turbo; BoveVale; Beauvebio;  Accionfungi Boveria; SKHunter; ","Vittia S.A. - São Joaquim da Barra 01","Acaricida Microbiológico/Inseticida Microbiológico","Não Classificado - Produto Não Classificado","Produto Pouco Perigoso ao Meio Ambiente"
17520,152,"Boveril Evo","Koppert do Brasil Holding S.A. - Piracicaba/SP ","Inseticida Microbiológico","Categoria 5  Produto Improvável de Causar Dano Agudo","Produto Pouco Perigoso ao Meio Ambiente"
4902,152,"Boveril WP PL63","Koppert do Brasil Holding S.A. - Piracicaba/SP ","Inseticida Microbiológico","Categoria 5  Produto Improvável de Causar Dano Agudo","Produto Pouco Perigoso ao Meio Ambiente"
22416,15,Boveryd,"TZ Biotec Ltda.","Acaricida Microbiológico/Inseticida Microbiológico","Pouco Tóxico","Produto Pouco Perigoso ao Meio Ambiente"
27818,15,"Boveryd FR 25","TZ Biotec Ltda.","Inseticida Microbiológico","Categoria 5  Produto Improvável de Causar Dano Agudo","Produto Pouco Perigoso ao Meio Ambiente"
42724,15,"Boveta; Fertybov;","Biota Innovations Industria e Comercio de Bioprodutos Ltda  Uberaba/MG","Acaricida Microbiológico/Inseticida Microbiológico","Categoria 5  Produto Improvável de Causar Dano Agudo","Produto Pouco Perigoso ao Meio Ambiente"
8320,15,"Bovettus Org; Vitales Gratto Bovers; Beautop; BioCAZ Control Bassi;","Nooa Ciencia e Tecnologia Agricola Ltda","Acaricida Microbiológico/Inseticida Microbiológico","Categoria 5  Produto Improvável de Causar Dano Agudo","Produto Pouco Perigoso ao Meio Ambiente"
24620,15,Bovéria-Guard,"Vittia S.A. - São Joaquim da Barra 01","Acaricida Microbiológico/Inseticida Microbiológico","Não Classificado - Produto Não Classificado","Produto Pouco Perigoso ao Meio Ambiente"
30920,152,"Bovéria-Turbo SC; BassMax; Bio-Bass;","Vittia S.A. - São Joaquim da Barra 01","Inseticida Microbiológico","Categoria 5  Produto Improvável de Causar Dano Agudo","Produto Pouco Perigoso ao Meio Ambiente"
42924,17,"Box 50 EC","Agroallianz S.A",Inseticida,"Categoria 5  Produto Improvável de Causar Dano Agudo","Produto Muito Perigoso ao Meio Ambiente"
22521,242,Bracomip,"Promip Manejo Integrado de Pragas Ltda.","Agente Biológico de Controle/Inseticida biológico","Não Classificado - Produto Não Classificado","Produto Pouco Perigoso ao Meio Ambiente"
6412,154,"Braddock SL","Solus do Brasil Ltda. - Apucarana/PR- Parque Industrial ",Herbicida,"Categoria 5  Produto Improvável de Causar Dano Agudo","Produto Perigoso ao Meio Ambiente"
34121,154,"Braddock Ultra","Solus do Brasil Ltda. - Apucarana/PR- Parque Industrial ",Herbicida,"Categoria 5  Produto Improvável de Causar Dano Agudo","Produto Perigoso ao Meio Ambiente"
18524,114,"Braddock WG","Solus do Brasil Ltda. - Apucarana/PR- Parque Industrial ",Herbicida,"Categoria 5  Produto Improvável de Causar Dano Agudo","Produto Perigoso ao Meio Ambiente"
32221,97,Brakima,"Ascenza Brasil Ltda - Hortolândia/SP",Herbicida,"Categoria 4  Produto Pouco Tóxico","Produto Perigoso ao Meio Ambiente"
52825,15,"Brandt FlyShield","Brandt Soluções em Agricultura Ltda, - Cambé/PR","Acaricida Microbiológico/Inseticida Microbiológico","Categoria 5  Produto Improvável de Causar Dano Agudo","Produto Pouco Perigoso ao Meio Ambiente"
44624,14,"Brandt TerraMold","Brandt Soluções em Agricultura Ltda, - Cambé/PR","Fungicida microbiológico","Categoria 5  Produto Improvável de Causar Dano Agudo","Produto Pouco Perigoso ao Meio Ambiente"
29518,81,"Branil 250 FS ","Pilarquim Br Comercial Ltda.- São Paulo",Inseticida,"Categoria 4  Produto Pouco Tóxico","Produto Muito Perigoso ao Meio Ambiente"
1621,81,"Branil 800 WG; Fipronil P 800 WG Perterra;","Pilarquim Br Comercial Ltda.- São Paulo",Inseticida,"Categoria 3  Produto Moderadamente Tóxico","Produto Muito Perigoso ao Meio Ambiente"
5421,40,"Brasina TR 900","Tudo Rural Agronegocios  do Brasil Ltda  Erechim/RS",Herbicida,"Categoria 5  Produto Improvável de Causar Dano Agudo","Produto Muito Perigoso ao Meio Ambiente"
21223,142,Brave,"UPL do Brasil Indústria e Comércio de Insumos Agropecuários S.A. - Matriz Ituverava/SP ",Herbicida,"Categoria 4  Produto Pouco Tóxico","Produto Perigoso ao Meio Ambiente"
1122,28,Bravengis,"Oxon Brasil Defensivos Agrícolas Ltda.",Fungicida,"Categoria 4  Produto Pouco Tóxico","Produto Muito Perigoso ao Meio Ambiente"
9223,243,Braver,"Albaugh Agro Brasil Ltda.- São Paulo",Acaricida,"Categoria 5  Produto Improvável de Causar Dano Agudo","Produto Perigoso ao Meio Ambiente"
38019,15,Bravo,"TOPBIO - Insumos Biológicos Indústria e Comércio Ltda  Tibau/RN","Inseticida Microbiológico","Pouco Tóxico","Produto Pouco Perigoso ao Meio Ambiente"
1188491,28,"Bravonil 500","Syngenta Proteção de Cultivos Ltda.  São Paulo/SP",Fungicida,"Categoria 4  Produto Pouco Tóxico","Produto Muito Perigoso ao Meio Ambiente"
6300,28,"Bravonil 720 ","Syngenta Proteção de Cultivos Ltda.  São Paulo/SP",Fungicida,"Categoria 5  Produto Improvável de Causar Dano Agudo","Produto Muito Perigoso ao Meio Ambiente"
1418896,28,"Bravonil 750 WP","Syngenta Proteção de Cultivos Ltda.  São Paulo/SP",Fungicida,"Categoria 4  Produto Pouco Tóxico","Produto Muito Perigoso ao Meio Ambiente"
1620,28,"Bravonil Top","Syngenta Proteção de Cultivos Ltda.  São Paulo/SP",Fungicida,"Categoria 2  Produto Altamente Tóxico","Produto Muito Perigoso ao Meio Ambiente"
4896,28,"Bravonil Ultrex","Syngenta Proteção de Cultivos Ltda.  São Paulo/SP",Fungicida,"Categoria 3  Produto Moderadamente Tóxico","Produto Muito Perigoso ao Meio Ambiente"
26426,244,Braza,"Nutrien Soluções Agrícolas Ltda.  São Paulo/SP",Herbicida,"Categoria 5  Produto Improvável de Causar Dano Agudo","Produto Perigoso ao Meio Ambiente"
41525,245,Breakdown,"Helm do Brasil Mercantil - São Paulo/SP",Herbicida,"Categoria 5  Produto Improvável de Causar Dano Agudo","Produto Perigoso ao Meio Ambiente"
2524,11,"Brera 360 CS","Oxon Brasil Defensivos Agrícolas Ltda.",Herbicida,"Categoria 5  Produto Improvável de Causar Dano Agudo","Produto Perigoso ao Meio Ambiente"
9307,35,"Brigada EC","FMC Química do Brasil Ltda. - Campinas/SP",Acaricida/Inseticida,"Categoria 2  Produto Altamente Tóxico","Produto Muito Perigoso ao Meio Ambiente"
5507,35,"Brigade 100 EC","FMC Química do Brasil Ltda. - Campinas/SP",Acaricida/Inseticida,"Categoria 4  Produto Pouco Tóxico","Produto Perigoso ao Meio Ambiente"
10010,130,BrilhanteBR,"Ouro Fino Química S.A. - Uberaba",Inseticida,"Categoria 2  Produto Altamente Tóxico","Produto Muito Perigoso ao Meio Ambiente"
9009,25,Brio,"Basf S.A.  São Paulo",Fungicida,"Não Classificado - Produto Não Classificado","Produto Muito Perigoso ao Meio Ambiente"
8007,28,"Brisa WG","Sipcam Nichino Brasil S.A. - Uberaba/MG",Fungicida,"Categoria 5  Produto Improvável de Causar Dano Agudo","Produto Muito Perigoso ao Meio Ambiente"
8214,86,Brit,"Ouro Fino Química S.A. - Uberaba",Inseticida,"Categoria 4  Produto Pouco Tóxico","Produto Muito Perigoso ao Meio Ambiente"
14323,73,Briva,"ALTA - America Latina Tecnologia Agrícola Ltda.- Curitiba",Acaricida/Inseticida,"Categoria 2  Produto Altamente Tóxico","Produto Muito Perigoso ao Meio Ambiente"
10808,172,"Broker 750 WG","Albaugh Agro Brasil Ltda.- São Paulo",Herbicida,"Categoria 4  Produto Pouco Tóxico","Produto Perigoso ao Meio Ambiente"
588605,246,Bromex,"Bequisa Indústria Química do Brasil Ltda.",Formicida/Fungicida/Herbicida/Inseticida/Nematicida,"Categoria 2  Produto Altamente Tóxico","Produto Altamente Perigoso ao Meio Ambiente"
5908,247,Browser,"UPL do Brasil Indústria e Comércio de Insumos Agropecuários S.A. - Matriz Ituverava/SP ",Herbicida,"Não Classificado - Produto Não Classificado","Produto Perigoso ao Meio Ambiente"
19123,108,Brucia,"ISK Biosciences do Brasil Defensivos Agricolas Ltda",Herbicida,"Categoria 5  Produto Improvável de Causar Dano Agudo","Produto Perigoso ao Meio Ambiente"
4611,48,Brutus,"UPL do Brasil Indústria e Comércio de Insumos Agropecuários S.A. - Matriz Ituverava/SP ",Inseticida,"Categoria 3  Produto Moderadamente Tóxico","Produto Muito Perigoso ao Meio Ambiente"
5120,26,"BtFert; Cropbio BioThur;","Serquibio Biotecnologia Ltda - Santa Bárbara d'Oeste/SP ","Inseticida Microbiológico","Pouco Tóxico","Produto Pouco Perigoso ao Meio Ambiente"
29022,248,Btel,"Dillon Biotecnologia Ltda ","Inseticida Microbiológico","Categoria 5  Produto Improvável de Causar Dano Agudo","Produto Pouco Perigoso ao Meio Ambiente"
3321,36,"Btkill JCO ","JCO Indústria e Comércio de Fertilizantes Ltda.","Inseticida Microbiológico","Categoria 5  Produto Improvável de Causar Dano Agudo","Produto Pouco Perigoso ao Meio Ambiente"
3226,17,Buccula,"Globachem Proteção de Cultivos do Brasil Ltda. - Campinas/SP",Inseticida,"Categoria 5  Produto Improvável de Causar Dano Agudo","Produto Muito Perigoso ao Meio Ambiente"
2126,9,Buda,"CHDS do Brasil Comércio de Insumos Agrícolas Ltda - São Miguel do Iguaçu/PR   ",Herbicida,"Categoria 5  Produto Improvável de Causar Dano Agudo","Produto Perigoso ao Meio Ambiente"
58625,42,"Bugao 960 EC","Zhongshan Química do Brasil - Sorocaba/SP",Herbicida,"Categoria 4  Produto Pouco Tóxico","Produto Muito Perigoso ao Meio Ambiente"
19920,169,Buick,"Koppert do Brasil Holding S.A. - Piracicaba/SP ","Inseticida Microbiológico","Não Classificado - Produto Não Classificado","Produto Pouco Perigoso ao Meio Ambiente"
1192,249,"Bulldock 125 SC","Bayer S.A. - São Paulo/ SP",Inseticida,"Categoria 4  Produto Pouco Tóxico","Produto Muito Perigoso ao Meio Ambiente"
4995,250,"Bunema 330 SL","Taminco do Brasil Produtos Químicos Ltda",Formicida/Fungicida/Herbicida/Nematicida,"Categoria 4  Produto Pouco Tóxico","Produto Altamente Perigoso ao Meio Ambiente"
7409,175,Buran,"Yonon Brasil Defensivos Agricolas Ltda",Fungicida,"Categoria 5  Produto Improvável de Causar Dano Agudo","Produto Muito Perigoso ao Meio Ambiente"
2522,10,Burner,"Iharabras S.A. Indústria Químicas - Sorocaba",Herbicida,"Categoria 2  Produto Altamente Tóxico","Produto Muito Perigoso ao Meio Ambiente"
2123,177,Burntop,"Farmhannong do Brasil Limitada",Herbicida,"Categoria 5  Produto Improvável de Causar Dano Agudo","Produto Perigoso ao Meio Ambiente"
52025,238,"Busy 500 WG","Sharda do Brasil Comércio de Produtos Químicos e Agroquímicos LTDA",Fungicida,"Categoria 5  Produto Improvável de Causar Dano Agudo","Produto Perigoso ao Meio Ambiente"
4705,96,Butiron,"Adama Brasil S.A.- Londrina/PR",Herbicida,"Categoria 4  Produto Pouco Tóxico","Produto Muito Perigoso ao Meio Ambiente"
7306,23,Buzz,"SM Agrocare Brasil Importação Comércio e Serviços Agrícolas Ltda",Fungicida,"Categoria 4  Produto Pouco Tóxico","Produto Muito Perigoso ao Meio Ambiente"
14125,15,"Bv-Bio SC","Apoena Biosoluções do Brasil Ltda","Acaricida Microbiológico/Inseticida Microbiológico","Categoria 5  Produto Improvável de Causar Dano Agudo","Produto Pouco Perigoso ao Meio Ambiente"
44324,15,"Bv-Bio WP","Apoena Biosoluções do Brasil Ltda","Inseticida Microbiológico","Categoria 5  Produto Improvável de Causar Dano Agudo","Produto Pouco Perigoso ao Meio Ambiente"
42324,251,"Bóveria-Turbo WP; Biotrinsic Beauveria WP; Bovevale WP; Bóveria-Guard WP; Essência;","Vittia S.A. - São Joaquim da Barra 01","Inseticida Microbiológico","Categoria 5  Produto Improvável de Causar Dano Agudo","Produto Pouco Perigoso ao Meio Ambiente"
18721,91,CERNIS,"CTVA Proteção de Cultivos Ltda - Barueri (Tamboré)",Inseticida,"Não Classificado - Produto Não Classificado","Produto Muito Perigoso ao Meio Ambiente"
12924,76,"COH WG Albaugh 01","Albaugh Agro Brasil Ltda.- São Paulo",Bactericida/Fungicida,"Categoria 4  Produto Pouco Tóxico","Produto Muito Perigoso ao Meio Ambiente"
49025,252,"Cabby 480 SC; Prize Flux;","Sharda do Brasil Comércio de Produtos Químicos e Agroquímicos LTDA",Fungicida,"Categoria 5  Produto Improvável de Causar Dano Agudo","Produto Perigoso ao Meio Ambiente"
420,253,Cablar,"FMC Química do Brasil Ltda. - Campinas/SP","Fungicida microbiológico","Categoria 5  Produto Improvável de Causar Dano Agudo","Produto Pouco Perigoso ao Meio Ambiente"
1303,254,"Cabrio Top","Basf S.A.  São Paulo",Fungicida,"Categoria 4  Produto Pouco Tóxico","Produto Muito Perigoso ao Meio Ambiente"
8423,103,Caburé,"VSF Agricultura Sustentável e Comércio Ltda  Petrolina/PE","Inseticida Microbiológico","Categoria 5  Produto Improvável de Causar Dano Agudo","Produto Pouco Perigoso ao Meio Ambiente"
5718,255,"Cadilac; Vitalium Cruzanto; Vitalium; Cruzanto;","Rainbow Defensivos Agrícolas Ltda.- Porto Alegre /RS ",Fungicida,"Categoria 5  Produto Improvável de Causar Dano Agudo","Produto Perigoso ao Meio Ambiente"
9419,40,Calaris,"Syngenta Proteção de Cultivos Ltda.  São Paulo/SP",Herbicida,"Categoria 4  Produto Pouco Tóxico","Produto Muito Perigoso ao Meio Ambiente"
29018,15,"Calezar; ","FMC Química do Brasil Ltda. - Campinas/SP","Inseticida Microbiológico","Categoria 5  Produto Improvável de Causar Dano Agudo","Produto Pouco Perigoso ao Meio Ambiente"
34418,256,Califorce,"TOPBIO - Insumos Biológicos Indústria e Comércio Ltda  Tibau/RN","Acaricida Biológico/Agente Biológico de Controle","NÃO DETERMINADO DEVIDO À NATUREZA DO PRODUTO","Produto Pouco Perigoso ao Meio Ambiente"
11822,40,Calipen,"Syngenta Proteção de Cultivos Ltda.  São Paulo/SP",Herbicida,"Categoria 4  Produto Pouco Tóxico","Produto Muito Perigoso ao Meio Ambiente"
17019,40,"Calipen SC","Syngenta Proteção de Cultivos Ltda.  São Paulo/SP",Herbicida,"Categoria 4  Produto Pouco Tóxico","Produto Muito Perigoso ao Meio Ambiente"
38924,28,Calitá,"ALTA - America Latina Tecnologia Agrícola Ltda.- Curitiba",Fungicida,"Categoria 4  Produto Pouco Tóxico","Produto Perigoso ao Meio Ambiente"
19024,45,Calizi,"Sinon do Brasil Ltda. - Porto Alegre /RS.",Fungicida,"Categoria 4  Produto Pouco Tóxico","Produto Perigoso ao Meio Ambiente"
9923,45,"Calizi Top 500 SC","Sinon do Brasil Ltda. - Porto Alegre /RS.",Fungicida,"Categoria 4  Produto Pouco Tóxico","Produto Muito Perigoso ao Meio Ambiente"
1004,120,Callisto,"Syngenta Proteção de Cultivos Ltda.  São Paulo/SP",Herbicida,"Não Classificado - Produto Não Classificado","Produto Perigoso ao Meio Ambiente"
1800,257,Calypso,"Bayer S.A. - São Paulo/ SP",Inseticida,"Categoria 4  Produto Pouco Tóxico","Produto Muito Perigoso ao Meio Ambiente"
29621,249,"Calypso Ultra","Bayer S.A. - São Paulo/ SP",Inseticida,"Categoria 4  Produto Pouco Tóxico","Produto Muito Perigoso ao Meio Ambiente"
10511,5,"Camp-D; Ferradura; Forty e Golp; Cutelo;","Prentiss Química Ltda. - Campo Largo/PR",Herbicida,"Categoria 4  Produto Pouco Tóxico","Produto Muito Perigoso ao Meio Ambiente"
16607,6,Campeon,"Globachem Proteção de Cultivos do Brasil Ltda. - Campinas/SP",Herbicida,"Categoria 4  Produto Pouco Tóxico","Produto Perigoso ao Meio Ambiente"
14818,179,"Campestre 240 SL","BRA Defensivos Agrícolas Ltda - Piracicaba/SP",Herbicida,"Categoria 5  Produto Improvável de Causar Dano Agudo","Produto Perigoso ao Meio Ambiente"
29325,173,"Camposato 720 WG","NGC Agrosciences Brasil Ltda - Botucatu/SP",Herbicida,"Categoria 5  Produto Improvável de Causar Dano Agudo","Produto Perigoso ao Meio Ambiente"
46424,15,Canabovebio,"Associação dos Plantadores de Cana do Oeste do Est de São Paulo","Inseticida Microbiológico","Categoria 5  Produto Improvável de Causar Dano Agudo","Produto Pouco Perigoso ao Meio Ambiente"
9224,4,"Canal 806 SL ","AllierBrasil Agro Ltda.",Herbicida,"Categoria 4  Produto Pouco Tóxico","Produto Perigoso ao Meio Ambiente"
7624,14,Canindé,"VSF Agricultura Sustentável e Comércio Ltda  Petrolina/PE","Fungicida microbiológico/Inseticida Microbiológico","Categoria 5  Produto Improvável de Causar Dano Agudo","Produto Pouco Perigoso ao Meio Ambiente"
6413,172,Canion,"Adama Brasil S.A.- Londrina/PR",Herbicida,"Categoria 4  Produto Pouco Tóxico","Produto Muito Perigoso ao Meio Ambiente"
7503,238,Cantus,"Basf S.A.  São Paulo",Fungicida,"Categoria 5  Produto Improvável de Causar Dano Agudo","Produto Perigoso ao Meio Ambiente"
1512,73,Capataz,"Ouro Fino Química S.A. - Uberaba",Acaricida/Inseticida,"Categoria 3  Produto Moderadamente Tóxico","Produto Altamente Perigoso ao Meio Ambiente"
5407,84,"Capaz 500 SC","FMC Química do Brasil Ltda. - Campinas/SP",Herbicida,"Categoria 4  Produto Pouco Tóxico","Produto Muito Perigoso ao Meio Ambiente"
40524,31,Capex,"Tecnomyl Brasil Distribuidora de Produtos Agrícolas Ltda - Foz do Iguaçu",Fungicida,"Categoria 5  Produto Improvável de Causar Dano Agudo","Produto Muito Perigoso ao Meio Ambiente"
9807,258,"Capo WG","Sipcam Nichino Brasil S.A. - Uberaba/MG",Fungicida,"Categoria 5  Produto Improvável de Causar Dano Agudo","Produto Perigoso ao Meio Ambiente"
28822,259,Capsialil,"Gowan Produtos Agrícolas Ltda. - Matriz Campinas/SP",Acaricida,"Não Classificado - Produto Não Classificado","Produto Pouco Perigoso ao Meio Ambiente"
25718,252,"Captain 800 WG","Sharda do Brasil Comércio de Produtos Químicos e Agroquímicos LTDA",Fungicida,"Categoria 1  Produto Extremamente Tóxico","Produto Perigoso ao Meio Ambiente"
3606,252,"Captam 500 4Terra","4Terra Comércio e Representações Ltda - Piracicaba/SP",Fungicida,"Categoria 4  Produto Pouco Tóxico","Produto Perigoso ao Meio Ambiente"
3608206,252,"Captan 200 FS","Adama Brasil S.A.- Londrina/PR",Fungicida,"Categoria 5  Produto Improvável de Causar Dano Agudo","Produto Muito Perigoso ao Meio Ambiente"
818805,252,"Captan Fersol 500 WP","Ameribrás Indústria e Comércio Ltda.",Fungicida,"Categoria 3  Produto Moderadamente Tóxico","Produto Perigoso ao Meio Ambiente"
1908305,252,"Captan SC","Adama Brasil S.A.- Londrina/PR",Fungicida,"Categoria 4  Produto Pouco Tóxico","Produto Muito Perigoso ao Meio Ambiente"
25724,252,"Captip - cancelado ","Rainbow Defensivos Agrícolas Ltda.- Porto Alegre /RS ",Fungicida,"Categoria 5  Produto Improvável de Causar Dano Agudo","Produto Perigoso ao Meio Ambiente"
42719,252,"Captive; Betan; Cobral; Pasha;","Rainbow Defensivos Agrícolas Ltda.- Porto Alegre /RS ",Fungicida,"Categoria 5  Produto Improvável de Causar Dano Agudo","Produto Perigoso ao Meio Ambiente"
10415,104,Captor,"ALTA - America Latina Tecnologia Agrícola Ltda.- Curitiba",Inseticida,"Categoria 2  Produto Altamente Tóxico","Produto Muito Perigoso ao Meio Ambiente"
13207,35,"Capture 100 EC","FMC Química do Brasil Ltda. - Campinas/SP",Acaricida/Inseticida,"Categoria 4  Produto Pouco Tóxico","Produto Perigoso ao Meio Ambiente"
3307,35,"Capture 400 EC; Talstar 400; Bistar 400; Brigade 400; ","FMC Química do Brasil Ltda. - Campinas/SP",Acaricida/Inseticida,"Categoria 2  Produto Altamente Tóxico","Produto Muito Perigoso ao Meio Ambiente"
9122,45,"Captus Plus","UPL do Brasil Indústria e Comércio de Insumos Agropecuários S.A. - Matriz Ituverava/SP ",Fungicida,"Categoria 5  Produto Improvável de Causar Dano Agudo","Produto Muito Perigoso ao Meio Ambiente"
1601,260,"Caramba 90","Basf Agricultural Solutions Brasil Ltda  São Paulo/SP",Fungicida,"Categoria 5  Produto Improvável de Causar Dano Agudo","Produto Muito Perigoso ao Meio Ambiente"
4721,159,"Caravan; Grabber; Grabber by Koppert;","Koppert do Brasil Holding S.A. - Piracicaba/SP ","Fungicida microbiológico","Categoria 5  Produto Improvável de Causar Dano Agudo","Produto Pouco Perigoso ao Meio Ambiente"
5805,181,"Carbine 500 WG","ISK Biosciences do Brasil Defensivos Agricolas Ltda",Inseticida,"Categoria 5  Produto Improvável de Causar Dano Agudo","Produto Perigoso ao Meio Ambiente"
21617,261,Cardeal,"UPL do Brasil Indústria e Comércio de Insumos Agropecuários S.A. - Matriz Ituverava/SP ",Herbicida,"Categoria 5  Produto Improvável de Causar Dano Agudo","Produto Perigoso ao Meio Ambiente"
33823,58,"Carfentrazona 400 EC UPL","UPL do Brasil Indústria e Comércio de Insumos Agropecuários S.A. - Matriz Ituverava/SP ",Herbicida,"Categoria 5  Produto Improvável de Causar Dano Agudo","Produto Muito Perigoso ao Meio Ambiente"
24824,58,"Carfentrazone Nortox","Nortox S.A. - Arapongas",Herbicida,"Categoria 5  Produto Improvável de Causar Dano Agudo","Produto Muito Perigoso ao Meio Ambiente"
209,262,Carial,"Syngenta Proteção de Cultivos Ltda.  São Paulo/SP",Fungicida,"Categoria 5  Produto Improvável de Causar Dano Agudo","Produto Pouco Perigoso ao Meio Ambiente"
5111,28,"Carial Opti ","Syngenta Proteção de Cultivos Ltda.  São Paulo/SP",Fungicida,"Categoria 4  Produto Pouco Tóxico","Produto Muito Perigoso ao Meio Ambiente"
12124,11,"Carimbo 360 CS; Pilarcloma;","Ascenza Brasil Ltda - Hortolândia/SP",Herbicida,"Categoria 5  Produto Improvável de Causar Dano Agudo","Produto Perigoso ao Meio Ambiente"
14520,11,"Carimbo 500 EC","Ascenza Brasil Ltda - Hortolândia/SP",Herbicida,"Categoria 5  Produto Improvável de Causar Dano Agudo","Produto Muito Perigoso ao Meio Ambiente"
31220,45,Carion,"Syngenta Proteção de Cultivos Ltda.  São Paulo/SP",Fungicida,"Categoria 5  Produto Improvável de Causar Dano Agudo","Produto Muito Perigoso ao Meio Ambiente"
24417,30,Carnadine,"Sumitomo Chemical Brasil Indústria Química S.A. - Maracanaú/CE",Inseticida,"Categoria 4  Produto Pouco Tóxico","Produto Muito Perigoso ao Meio Ambiente"
11225,114,Carpidora,"Agroallianz S.A",Herbicida,"Categoria 5  Produto Improvável de Causar Dano Agudo","Produto Perigoso ao Meio Ambiente"
26526,120,Cartada,"Albaugh Agro Brasil Ltda.- São Paulo",Herbicida,"Categoria 5  Produto Improvável de Causar Dano Agudo","Produto Perigoso ao Meio Ambiente"
19018,65,Cartago,"ALTA - America Latina Tecnologia Agrícola Ltda.- Curitiba",Herbicida,"Categoria 5  Produto Improvável de Causar Dano Agudo","Produto Perigoso ao Meio Ambiente"
538696,263,"Cartap BR 500","Sumitomo Chemical Brasil Indústria Química S.A. - Maracanaú/CE",Fungicida/Inseticida,"Categoria 4  Produto Pouco Tóxico","Produto Perigoso ao Meio Ambiente"
9319,263,Cartarys,"UPL do Brasil Indústria e Comércio de Insumos Agropecuários S.A. - Matriz Ituverava/SP ",Fungicida/Inseticida,"Categoria 3  Produto Moderadamente Tóxico","Produto Perigoso ao Meio Ambiente"
27523,84,"Cartaz 500 SC","Agroallianz S.A",Herbicida,"Não Classificado - Produto Não Classificado","Produto Muito Perigoso ao Meio Ambiente"
46225,264,"Carte ","DVA Brasil Produtos Agrícolas Ltda - Indaiatuba/SP",Bactericida/Fungicida,"Categoria 5  Produto Improvável de Causar Dano Agudo","Produto Pouco Perigoso ao Meio Ambiente"
8016,169,CartuchoVIT,"Bionat Soluções Biologicas Ltda","Inseticida Microbiológico","Pouco Tóxico","Produto Pouco Perigoso ao Meio Ambiente"
15918,169,Cartugen,"Agbitech Controles Biológicos Ltda","Inseticida Microbiológico","Não Classificado - Produto Não Classificado","Produto Pouco Perigoso ao Meio Ambiente"
43424,169,"Cartugen Max","Agbitech Controles Biológicos Ltda","Inseticida Microbiológico","Não Classificado - Produto Não Classificado","Produto Pouco Perigoso ao Meio Ambiente"
17222,265,Cascade,"Basf S.A.  São Paulo",Acaricida/Inseticida,"Categoria 5  Produto Improvável de Causar Dano Agudo","Produto Muito Perigoso ao Meio Ambiente"
828604,100,Castle,"Adama Brasil S.A.- Londrina/PR",Herbicida,"Categoria 5  Produto Improvável de Causar Dano Agudo","Produto Muito Perigoso ao Meio Ambiente"
9726,119,"Caterole Plus; Metoxide; Indoxine; Fenzotin","Rainbow Defensivos Agrícolas Ltda.- Porto Alegre /RS ",Inseticida,"Categoria 5  Produto Improvável de Causar Dano Agudo","Produto Muito Perigoso ao Meio Ambiente"
15822,266,"Catolaccus Amipa","Associação Mineira dos Produtores de Algodão - AMIPA","Agente Biológico de Controle/Inseticida biológico","Não Classificado - Produto Não Classificado","Produto Pouco Perigoso ao Meio Ambiente"
28117,30,"Cavalry 200 SP; Betaprid;","Acrom Agroindustrial Ltda- Londrina/PR",Inseticida,"Categoria 4  Produto Pouco Tóxico","Produto Muito Perigoso ao Meio Ambiente"
24922,12,"Cefanol Gold","Sipcam Nichino Brasil S.A. - Uberaba/MG",Acaricida/Inseticida,"Categoria 4  Produto Pouco Tóxico","Produto Muito Perigoso ao Meio Ambiente"
1378704,12,"Cefanol; Acefato 750 Tide; Socker 750; Socker SP; ","Sipcam Nichino Brasil S.A. - Uberaba/MG",Acaricida/Inseticida,"Categoria 5  Produto Improvável de Causar Dano Agudo","Produto Perigoso ao Meio Ambiente"
18520,130,Cekat,"UPL do Brasil Indústria e Comércio de Insumos Agropecuários S.A. - Matriz Ituverava/SP ",Inseticida,"Categoria 2  Produto Altamente Tóxico","Produto Muito Perigoso ao Meio Ambiente"
29426,91,Celantro,"Cropchem Ltda - Porto Alegre",Inseticida,"Categoria 5  Produto Improvável de Causar Dano Agudo","Produto Muito Perigoso ao Meio Ambiente"
6719,65,Celebrate,"UPL do Brasil Indústria e Comércio de Insumos Agropecuários S.A. - Matriz Ituverava/SP ",Herbicida,"Categoria 5  Produto Improvável de Causar Dano Agudo","Produto Muito Perigoso ao Meio Ambiente"
18408,75,"Celest XL","Syngenta Proteção de Cultivos Ltda.  São Paulo/SP",Fungicida,"Categoria 5  Produto Improvável de Causar Dano Agudo","Produto Perigoso ao Meio Ambiente"
29921,267,"Celphos Tablet","Sumitomo Chemical Brasil Indústria Química S.A. - Maracanaú/CE",Inseticida,"Categoria 1  Produto Extremamente Tóxico","Produto Perigoso ao Meio Ambiente"
33922,268,"Celtic; B-Shield; ","Ballagro Agro Tecnologia Ltda. - Bom Jesus dos Perdões/SP","Inseticida Microbiológico","Categoria 5  Produto Improvável de Causar Dano Agudo","Produto Pouco Perigoso ao Meio Ambiente"
2202,269,Censor,"Gowan Produtos Agrícolas Ltda. - Matriz Campinas/SP",Fungicida,"Categoria 5  Produto Improvável de Causar Dano Agudo","Produto Muito Perigoso ao Meio Ambiente"
6713,46,Centric,"Syngenta Proteção de Cultivos Ltda.  São Paulo/SP",Inseticida,"Categoria 5  Produto Improvável de Causar Dano Agudo","Produto Perigoso ao Meio Ambiente"
2910,65,Centurion,"UPL do Brasil Indústria e Comércio de Insumos Agropecuários S.A. - Matriz Ituverava/SP ",Herbicida,"Categoria 5  Produto Improvável de Causar Dano Agudo","Produto Perigoso ao Meio Ambiente"
17725,118,"Cenário 100 EC","Yonon Brasil Defensivos Agricolas Ltda",Acaricida/Inseticida,"Categoria 5  Produto Improvável de Causar Dano Agudo","Produto Muito Perigoso ao Meio Ambiente"
7426,270,"Cera Trap","Bio Controle - Métodos de Controle de Pragas Ltda.  ",Semioquímico,"Categoria 5  Produto Improvável de Causar Dano Agudo","Produto Pouco Perigoso ao Meio Ambiente"
34022,271,Ceramax,"Gowan Produtos Agrícolas Ltda. - Matriz Campinas/SP",Fungicida,"Não Classificado - Produto Não Classificado","Produto Pouco Perigoso ao Meio Ambiente"
9318,258,"Cercobin 875 WG","Iharabras S.A. Indústria Químicas - Sorocaba",Fungicida,"Categoria 5  Produto Improvável de Causar Dano Agudo","Produto Perigoso ao Meio Ambiente"
45719,75,Cerimônia,"Ascenza Brasil Ltda - Hortolândia/SP",Fungicida,"Categoria 4  Produto Pouco Tóxico","Produto Muito Perigoso ao Meio Ambiente"
3121,127,Certano,"Syngenta Proteção de Cultivos Ltda.  São Paulo/SP","Fungicida microbiológico/Nematicida Microbiológico","Categoria 5  Produto Improvável de Causar Dano Agudo","Produto Pouco Perigoso ao Meio Ambiente"
4899,272,Certero,"Bayer S.A. - São Paulo/ SP",Inseticida,"Não Classificado - Produto Não Classificado","Produto Perigoso ao Meio Ambiente"
4810,61,"Certeza N; Firmeza N; Exield;","Iharabras S.A. Indústria Químicas - Sorocaba",Fungicida,"Categoria 5  Produto Improvável de Causar Dano Agudo","Produto Muito Perigoso ao Meio Ambiente"
58525,11,"Cervino Gold","Oxon Brasil Defensivos Agrícolas Ltda.",Herbicida,"Categoria 5  Produto Improvável de Causar Dano Agudo","Produto Muito Perigoso ao Meio Ambiente"
19426,115,"Cetrix ","Tecnomyl Brasil Distribuidora de Produtos Agrícolas Ltda - Foz do Iguaçu",Inseticida,"Categoria 5  Produto Improvável de Causar Dano Agudo","Produto Muito Perigoso ao Meio Ambiente"
3811,191,Cetro,"Basf S.A.  São Paulo",Feromônio,"Não Classificado - Produto Não Classificado","Produto Pouco Perigoso ao Meio Ambiente"
22424,25,"Chakay 125 SC; Epoxitide 125 SC;","Sinochem Agro do Brasil Ltda. ",Fungicida,"Categoria 5  Produto Improvável de Causar Dano Agudo","Produto Perigoso ao Meio Ambiente"
28617,185,Challenger,"Koppert do Brasil Holding S.A. - Piracicaba/SP ","Inseticida Microbiológico","Não Classificado - Produto Não Classificado","Produto Pouco Perigoso ao Meio Ambiente"
13325,114,Chaltu,"Sinochem Agro do Brasil Ltda. ",Herbicida,"Categoria 5  Produto Improvável de Causar Dano Agudo","Produto Perigoso ao Meio Ambiente"
30017,81,Chancella,"Adama Brasil S.A.- Londrina/PR",Inseticida,"Categoria 4  Produto Pouco Tóxico","Produto Muito Perigoso ao Meio Ambiente"
2220,273,Chaparral,"CTVA Proteção de Cultivos Ltda - Barueri (Tamboré)",Herbicida,"Categoria 5  Produto Improvável de Causar Dano Agudo","Produto Perigoso ao Meio Ambiente"
10620,142,Chapter,"Ascenza Brasil Ltda - Hortolândia/SP",Herbicida,"Categoria 5  Produto Improvável de Causar Dano Agudo","Produto Perigoso ao Meio Ambiente"
24621,131,"Charge ","ISK Biosciences do Brasil Defensivos Agricolas Ltda",Inseticida,"Categoria 5  Produto Improvável de Causar Dano Agudo","Produto Muito Perigoso ao Meio Ambiente"
25426,30,Chariots,"Biorisk - Assessoria e Comércio de Produtos Agrícolas Ltda.",Inseticida,"Categoria 3  Produto Moderadamente Tóxico","Produto Altamente Perigoso ao Meio Ambiente"
10818,23,"Charrua 430 SC","Cropchem Ltda - Porto Alegre",Fungicida,"Categoria 5  Produto Improvável de Causar Dano Agudo","Produto Perigoso ao Meio Ambiente"
36724,23,"Charrua Max SC","Cropchem Ltda - Porto Alegre",Fungicida,"Categoria 5  Produto Improvável de Causar Dano Agudo","Produto Muito Perigoso ao Meio Ambiente"
29520,274,"Chaser EC","Nichino do Brasil Agroquimicos Ltda. ",Acaricida/Inseticida,"Categoria 2  Produto Altamente Tóxico","Produto Muito Perigoso ao Meio Ambiente"
29420,274,"Chaser EW","Iharabras S.A. Indústria Químicas - Sorocaba",Acaricida/Inseticida,"Categoria 2  Produto Altamente Tóxico","Produto Muito Perigoso ao Meio Ambiente"
22321,104,"Checkill 800 WG","Sinochem Agro do Brasil Ltda. ",Inseticida,"Categoria 2  Produto Altamente Tóxico","Produto Muito Perigoso ao Meio Ambiente"
27724,19,"Chefer 700 WG","Crystal Agro Ltda",Inseticida,"Extremamente Tóxico","Produto Muito Perigoso ao Meio Ambiente"
3308,113,"Chess 500 WG","Syngenta Proteção de Cultivos Ltda.  São Paulo/SP",Inseticida,"Categoria 5  Produto Improvável de Causar Dano Agudo","Produto Pouco Perigoso ao Meio Ambiente"
42025,12,Chettak,"GSP Agroquímica do Brasil Ltda - Porto Alegra/RS",Acaricida/Formicida/Inseticida,"Categoria 2  Produto Altamente Tóxico","Produto Muito Perigoso ao Meio Ambiente"
15925,12,"Chettak Gold","GSP Agroquímica do Brasil Ltda - Porto Alegra/RS",Inseticida,"Categoria 4  Produto Pouco Tóxico","Produto Muito Perigoso ao Meio Ambiente"
21420,142,"Cheval; Ultracheval;","Adama Brasil S.A.- Londrina/PR",Herbicida,"Categoria 5  Produto Improvável de Causar Dano Agudo","Produto Muito Perigoso ao Meio Ambiente"
11820,93,Chevelle,"Koppert do Brasil Holding S.A. - Piracicaba/SP ","Nematicida Microbiológico","Categoria 5  Produto Improvável de Causar Dano Agudo","Produto Pouco Perigoso ao Meio Ambiente"
14816,130,"Chiave Sup","Sipcam Nichino Brasil S.A. - Uberaba/MG",Inseticida,"Categoria 2  Produto Altamente Tóxico","Produto Muito Perigoso ao Meio Ambiente"
30517,29,"Chiva WP","Cropchem Ltda - Porto Alegre",Fungicida,"Categoria 4  Produto Pouco Tóxico","Produto Perigoso ao Meio Ambiente"
47125,56,"Chlorfenapyr 240 SC Yonon; Adver 240 TM; Vextar SC;","Yonon Brasil Defensivos Agricolas Ltda",Acaricida/Inseticida,"Categoria 4  Produto Pouco Tóxico","Produto Muito Perigoso ao Meio Ambiente"
23724,73,Chlorguard,"Gharda do Brasil Soluções Agrícolas Ltda. ",Inseticida,"Categoria 4  Produto Pouco Tóxico","Produto Muito Perigoso ao Meio Ambiente"
36124,28,"Chloro Force","Jubailireg Brasil Ltda - São Paulo/SP",Fungicida,"Categoria 2  Produto Altamente Tóxico","Produto Perigoso ao Meio Ambiente"
26924,73,Chlorocil,"GSP Agroquímica do Brasil Ltda - Porto Alegra/RS",Inseticida,"Categoria 3  Produto Moderadamente Tóxico","Produto Altamente Perigoso ao Meio Ambiente"
22618,73,"Chloromo 480 EC","Coromandel América S.A",Inseticida,"Categoria 2  Produto Altamente Tóxico","Produto Muito Perigoso ao Meio Ambiente"
3224,28,"Chlorothalonil 720 SC Yonon","Yonon Brasil Defensivos Agricolas Ltda",Fungicida,"Categoria 2  Produto Altamente Tóxico","Produto Muito Perigoso ao Meio Ambiente"
43225,73,"Chlorpyrifos Agrogill 480 EC","Biorisk - Assessoria e Comércio de Produtos Agrícolas Ltda.",Acaricida/Formicida/Inseticida,"Categoria 2  Produto Altamente Tóxico","Produto Muito Perigoso ao Meio Ambiente"
29917,73,"Chlorsab 480 EC","Coromandel América S.A",Inseticida,"Categoria 2  Produto Altamente Tóxico","Produto Muito Perigoso ao Meio Ambiente"
6404,235,"Chopper Florestal","Basf S.A.  São Paulo",Herbicida,"Categoria 5  Produto Improvável de Causar Dano Agudo","Produto Perigoso ao Meio Ambiente"
13922,235,"Chopper Florestal Ultra","Basf S.A.  São Paulo",Herbicida,"Categoria 5  Produto Improvável de Causar Dano Agudo","Produto Perigoso ao Meio Ambiente"
15418,275,Chrysogen,"Agbitech Controles Biológicos Ltda","Inseticida Microbiológico","Não Classificado - Produto Não Classificado","Produto Pouco Perigoso ao Meio Ambiente"
15518,275,"Chrysogen CCAB","Agbitech Controles Biológicos Ltda","Inseticida Microbiológico","Não Classificado - Produto Não Classificado","Produto Pouco Perigoso ao Meio Ambiente"
11624,48,"Chust 250 CS","Cropchem Ltda - Porto Alegre",Inseticida,"Categoria 5  Produto Improvável de Causar Dano Agudo","Produto Muito Perigoso ao Meio Ambiente"
25425,276,"Ciatide; Krop Max; Ciafrut;","Prentiss Química Ltda. - Campo Largo/PR","Regulador de Crescimento","Categoria 4  Produto Pouco Tóxico","Produto Perigoso ao Meio Ambiente"
14426,15,"Ciclo Combat","MS Bio Biotecnologia e Soluções Agrícolas Ltda","Inseticida Microbiológico","Categoria 5  Produto Improvável de Causar Dano Agudo","Produto Pouco Perigoso ao Meio Ambiente"
3306,277,Ciclone,"Mitsui & Co (Brasil) S.A.",Inseticida,"Categoria 5  Produto Improvável de Causar Dano Agudo","Produto Perigoso ao Meio Ambiente"
4199,278,"Cierto 100 GR","ISK Biosciences do Brasil Defensivos Agricolas Ltda",Inseticida/Nematicida,"Categoria 4  Produto Pouco Tóxico","Produto Muito Perigoso ao Meio Ambiente"
17924,19,Cifrão,"Helm do Brasil Mercantil - São Paulo/SP",Inseticida,"Medianamente Tóxico","Produto Altamente Perigoso ao Meio Ambiente"
2710,19,Cigaral,"ANASAC Brasil Comercio e Locação de Máquinas Ltda.",Inseticida,"Categoria 4  Produto Pouco Tóxico","Produto Perigoso ao Meio Ambiente"
23725,19,"Cigaral 600 FS","ANASAC Brasil Comercio e Locação de Máquinas Ltda.",Inseticida,"Categoria 4  Produto Pouco Tóxico","Produto Perigoso ao Meio Ambiente"
25325,19,"Cigaral WG","ANASAC Brasil Comercio e Locação de Máquinas Ltda.",Inseticida,"Categoria 4  Produto Pouco Tóxico","Produto Perigoso ao Meio Ambiente"
9311,61,Cignus,"ISK Biosciences do Brasil Defensivos Agricolas Ltda",Acaricida/Fungicida,"Categoria 4  Produto Pouco Tóxico","Produto Altamente Perigoso ao Meio Ambiente"
1010,29,"Cimox ","Helm do Brasil Mercantil - São Paulo/SP",Fungicida,"Categoria 5  Produto Improvável de Causar Dano Agudo","Produto Perigoso ao Meio Ambiente"
21326,103,"Cineragro Metarhizium","Ghenvet Biotecnologia Ltda.","Inseticida Microbiológico","Categoria 5  Produto Improvável de Causar Dano Agudo","Produto Pouco Perigoso ao Meio Ambiente"
7612,86,"Cipermetrin 250 EC CCAB","CCAB Agro S.A.   São Paulo",Inseticida,"Categoria 5  Produto Improvável de Causar Dano Agudo","Produto Muito Perigoso ao Meio Ambiente"
26725,86,"Cipermetrina  Nortox","Nortox S.A. - Arapongas",Inseticida,"Categoria 4  Produto Pouco Tóxico","Produto Muito Perigoso ao Meio Ambiente"
4015,86,"Cipermetrina 250 EC","UPL do Brasil Indústria e Comércio de Insumos Agropecuários S.A. - Matriz Ituverava/SP ",Inseticida,"Categoria 4  Produto Pouco Tóxico","Produto Muito Perigoso ao Meio Ambiente"
4715,86,"Cipermetrina 250 EC CCAB","CCAB Agro S.A.   São Paulo",Inseticida,"Categoria 4  Produto Pouco Tóxico","Produto Muito Perigoso ao Meio Ambiente"
378907,86,"Cipermetrina EC Prentiss","Prentiss Química Ltda. - Campo Largo/PR",Inseticida,"Categoria 5  Produto Improvável de Causar Dano Agudo","Produto Muito Perigoso ao Meio Ambiente"
3101,86,"Cipermetrina Nortox 250 EC","Nortox S.A. - Arapongas",Inseticida,"Categoria 4  Produto Pouco Tóxico","Produto Muito Perigoso ao Meio Ambiente"
23924,92,"Cipro 100","Ouro Fino Química S.A. - Uberaba",Fungicida,"Categoria 5  Produto Improvável de Causar Dano Agudo","Produto Muito Perigoso ao Meio Ambiente"
23021,92,"Ciproconazol CCAB 100 SL","CCAB Agro S.A.   São Paulo",Fungicida,"Categoria 5  Produto Improvável de Causar Dano Agudo","Produto Muito Perigoso ao Meio Ambiente"
7324,92,"Ciproconazole Nortox","Nortox S.A. - Arapongas",Fungicida,"Categoria 5  Produto Improvável de Causar Dano Agudo","Produto Muito Perigoso ao Meio Ambiente"
9222,279,Circle,"Syngenta Proteção de Cultivos Ltda.  São Paulo/SP","Regulador de Crescimento","Categoria 5  Produto Improvável de Causar Dano Agudo","Produto Perigoso ao Meio Ambiente"
32025,280,Cirreno,"Cropchem Ltda - Porto Alegre",Herbicida,"Categoria 5  Produto Improvável de Causar Dano Agudo","Produto Perigoso ao Meio Ambiente"
20624,86,"Cisha 250 EC","Sharda do Brasil Comércio de Produtos Químicos e Agroquímicos LTDA",Inseticida,"Categoria 4  Produto Pouco Tóxico","Produto Muito Perigoso ao Meio Ambiente"
35522,281,"Citobloom 2.4","Biogrow do Brasil Ltda. - Valinhos/SP","Regulador de Crescimento","Categoria 4  Produto Pouco Tóxico","Produto Pouco Perigoso ao Meio Ambiente"
6304,64,Citroagrícola,"Citron Indústria e Comércio de Produtos Químicos Ltda.",Inseticida,"Pouco Tóxico","Produto Perigoso ao Meio Ambiente"
20925,50,"Citropyr 40 SC","Lemma Agronegócios Importação e Exportação Ltda.",Fungicida,"Categoria 5  Produto Improvável de Causar Dano Agudo","Produto Muito Perigoso ao Meio Ambiente"
39425,98,"Citune Xtra","Rainbow Defensivos Agrícolas Ltda.- Porto Alegre /RS ",Herbicida,"Categoria 5  Produto Improvável de Causar Dano Agudo","Produto Perigoso ao Meio Ambiente"
27920,92,Claque,"Ascenza Brasil Ltda - Hortolândia/SP",Fungicida,"Categoria 5  Produto Improvável de Causar Dano Agudo","Produto Muito Perigoso ao Meio Ambiente"
43725,65,"Claridim 240 EC","Longwind Cropscience Brazil Ltda - Porto Alegre/RS",Herbicida,"Categoria 5  Produto Improvável de Causar Dano Agudo","Produto Pouco Perigoso ao Meio Ambiente"
16917,282,"Clariva PN","Syngenta Proteção de Cultivos Ltda.  São Paulo/SP","Nematicida Microbiológico","Categoria 5  Produto Improvável de Causar Dano Agudo","Produto Pouco Perigoso ao Meio Ambiente"
14418,282,"Clariva PN BR","Syngenta Proteção de Cultivos Ltda.  São Paulo/SP","Nematicida Microbiológico","Categoria 5  Produto Improvável de Causar Dano Agudo","Produto Pouco Perigoso ao Meio Ambiente"
938801,18,Classic,"CTVA Proteção de Cultivos Ltda - Barueri (Tamboré)",Herbicida,"Categoria 5  Produto Improvável de Causar Dano Agudo","Produto Perigoso ao Meio Ambiente"
7818,7,"Clean Spray","Rainbow Defensivos Agrícolas Ltda.- Porto Alegre /RS ",Herbicida,"Categoria 4  Produto Pouco Tóxico","Produto Perigoso ao Meio Ambiente"
2225,65,"Cleandim 360 EC","Longwind Cropscience Brazil Ltda - Porto Alegre/RS",Herbicida,"Categoria 5  Produto Improvável de Causar Dano Agudo","Produto Pouco Perigoso ao Meio Ambiente"
23826,65,"Cleandim 480 EC","Longwind Cropscience Brazil Ltda - Porto Alegre/RS",Herbicida,"Categoria 5  Produto Improvável de Causar Dano Agudo","Produto Pouco Perigoso ao Meio Ambiente"
36817,28,"Cleaner Xtra","Rainbow Defensivos Agrícolas Ltda.- Porto Alegre /RS ",Fungicida,"Categoria 4  Produto Pouco Tóxico","Produto Perigoso ao Meio Ambiente"
24024,65,"Clefandim 360 EC","Longwind Cropscience Brazil Ltda - Porto Alegre/RS",Herbicida,"Categoria 5  Produto Improvável de Causar Dano Agudo","Produto Pouco Perigoso ao Meio Ambiente"
43625,65,"Clefandim 480 EC; Traspect Ultra","Longwind Cropscience Brazil Ltda - Porto Alegre/RS",Herbicida,"Categoria 5  Produto Improvável de Causar Dano Agudo","Produto Pouco Perigoso ao Meio Ambiente"
23026,65,Clethion,"Sharda do Brasil Comércio de Produtos Químicos e Agroquímicos LTDA",Herbicida,"Categoria 5  Produto Improvável de Causar Dano Agudo","Produto Pouco Perigoso ao Meio Ambiente"
726,65,"Clethodim R 240 EC B2","Perterra Insumos Agropecuários S.A.  São Paulo/SP",Herbicida,"Categoria 5  Produto Improvável de Causar Dano Agudo","Produto Perigoso ao Meio Ambiente"
20922,65,"Clethodim R 240 EC Perterra","Perterra Insumos Agropecuários S.A.  São Paulo/SP",Herbicida,"Categoria 5  Produto Improvável de Causar Dano Agudo","Produto Perigoso ao Meio Ambiente"
1325,65,"Cletodim 240 EC Agroimport","Agro Import do Brasil Ltda. - Porto Alegre/RS",Herbicida,"Categoria 5  Produto Improvável de Causar Dano Agudo","Produto Perigoso ao Meio Ambiente"
25224,65,"Cletodim 240 EC Nongfu","Brilliance Produtos Agrícolas Ltda",Herbicida,"Categoria 5  Produto Improvável de Causar Dano Agudo","Produto Perigoso ao Meio Ambiente"
2721,65,"Cletodim 240 EC Proventis; Traspect;","Proventis Lifescience Defensivos Agrícolas Ltda",Herbicida,"Categoria 5  Produto Improvável de Causar Dano Agudo","Produto Perigoso ao Meio Ambiente"
29121,65,"Cletodim 240 EC Tecnomyl I","Tecnomyl Brasil Distribuidora de Produtos Agrícolas Ltda - Foz do Iguaçu",Herbicida,"Categoria 5  Produto Improvável de Causar Dano Agudo","Produto Pouco Perigoso ao Meio Ambiente"
29021,65,"Cletodim 240 EC Tecnomyl II","Tecnomyl Brasil Distribuidora de Produtos Agrícolas Ltda - Foz do Iguaçu",Herbicida,"Categoria 5  Produto Improvável de Causar Dano Agudo","Produto Perigoso ao Meio Ambiente"
29221,65,"Cletodim 240 EC Tecnomyl III","Tecnomyl Brasil Distribuidora de Produtos Agrícolas Ltda - Foz do Iguaçu",Herbicida,"Categoria 5  Produto Improvável de Causar Dano Agudo","Produto Perigoso ao Meio Ambiente"
15725,65,"Cletodim 360 EC Nongfu","Brilliance Produtos Agrícolas Ltda",Herbicida,"Categoria 5  Produto Improvável de Causar Dano Agudo","Produto Pouco Perigoso ao Meio Ambiente"
11117,65,"Cletodim CCAB 240 EC","CCAB Agro S.A.   São Paulo",Herbicida,"Categoria 5  Produto Improvável de Causar Dano Agudo","Produto Perigoso ao Meio Ambiente"
50425,65,"Cletodim CHDS 240 EC ","CHDS do Brasil Comércio de Insumos Agrícolas Ltda - São Miguel do Iguaçu/PR   ",Herbicida,"Categoria 5  Produto Improvável de Causar Dano Agudo","Produto Pouco Perigoso ao Meio Ambiente"
54325,65,"Cletodim Crop 240 EC ","AllierBrasil Agro Ltda.",Herbicida,"Categoria 5  Produto Improvável de Causar Dano Agudo","Produto Pouco Perigoso ao Meio Ambiente"
6126,65,"Cletodim H Nortox","Nortox S.A. - Arapongas",Herbicida,"Categoria 5  Produto Improvável de Causar Dano Agudo","Produto Perigoso ao Meio Ambiente"
12217,65,"Cletodim Nortox","Nortox S.A. - Arapongas",Herbicida,"Categoria 5  Produto Improvável de Causar Dano Agudo","Produto Perigoso ao Meio Ambiente"
9525,65,"Cletodim Oleum Nortox","Nortox S.A. - Arapongas",Herbicida,"Categoria 5  Produto Improvável de Causar Dano Agudo","Produto Pouco Perigoso ao Meio Ambiente"
20026,65,"Cletoweed 240 EC","NGC Agrosciences Brasil Ltda - Botucatu/SP",Herbicida,"Categoria 5  Produto Improvável de Causar Dano Agudo","Produto Perigoso ao Meio Ambiente"
20920,283,Click,"Oxon Brasil Defensivos Agrícolas Ltda.",Herbicida,"Categoria 4  Produto Pouco Tóxico","Produto Muito Perigoso ao Meio Ambiente"
2625,120,"Click PRO; Zetiun; ","Oxon Brasil Defensivos Agrícolas Ltda.",Herbicida,"Categoria 4  Produto Pouco Tóxico","Produto Muito Perigoso ao Meio Ambiente"
13620,18,Climur,"Rainbow Defensivos Agrícolas Ltda.- Porto Alegre /RS ",Herbicida,"Categoria 5  Produto Improvável de Causar Dano Agudo","Produto Perigoso ao Meio Ambiente"
402,284,Clincher,"CTVA Proteção de Cultivos Ltda - Barueri (Tamboré)",Herbicida,"Categoria 5  Produto Improvável de Causar Dano Agudo","Produto Muito Perigoso ao Meio Ambiente"
4214,18,"Clipper Sinon; Climuron;","Sinon do Brasil Ltda. - Porto Alegre /RS.",Herbicida,"Categoria 5  Produto Improvável de Causar Dano Agudo","Produto Perigoso ao Meio Ambiente"
27823,73,"Clofos 480 EC","Sharda do Brasil Comércio de Produtos Químicos e Agroquímicos LTDA",Inseticida,"Categoria 3  Produto Moderadamente Tóxico","Produto Muito Perigoso ao Meio Ambiente"
12720,11,"Clomamax ","CHDS do Brasil Comércio de Insumos Agrícolas Ltda - São Miguel do Iguaçu/PR   ",Herbicida,"Categoria 5  Produto Improvável de Causar Dano Agudo","Produto Muito Perigoso ao Meio Ambiente"
10608,11,"Clomanex 500 EC","FMC Química do Brasil Ltda. - Campinas/SP",Herbicida,"Categoria 5  Produto Improvável de Causar Dano Agudo","Produto Muito Perigoso ao Meio Ambiente"
